name,record,template,ecg_id,patient_id,strat_fold
example_0,0,1x12,1,15709,3
example_1,1,4x3+1,2,13243,2
example_2,2,4x3+1,3,20372,5
example_3,3,4x3+1,4,17014,3
example_4,4,4x3+1,5,17448,4
example_5,5,4x3+1,6,19005,4
example_6,6,4x3+1,7,16193,7
example_7,7,1x12,8,11275,9
example_9,9,1x12,10,9456,9
example_10,10,4x3+1,11,11243,5
example_11,11,2x6,12,11031,8
example_12,12,2x6,13,19953,2
example_13,13,4x3+1,14,12925,7
example_14,14,2x6,15,13375,3
example_15,15,4x3+1,16,10999,6
example_16,16,1x12,17,13619,9
example_17,17,4x3+1,18,13619,9
example_18,18,1x12,19,11116,7
example_19,19,4x3+1,20,13619,9
example_20,20,4x3+1,21,17102,6
example_21,21,2x6,22,20978,4
example_22,22,4x3+1,23,13619,9
example_23,23,1x12,24,9012,3
example_24,24,1x12,25,10962,4
example_25,25,2x6,26,13619,9
example_26,26,1x12,27,10316,6
example_27,27,2x6,28,13619,9
example_28,28,1x12,29,14340,4
example_29,29,4x3+1,30,19053,9
example_30,30,2x6,31,15348,6
example_31,31,4x3+1,32,11154,1
example_32,32,1x12,33,20527,3
example_33,33,4x3+1,34,13619,9
example_34,34,4x3+1,35,15539,1
example_35,35,4x3+1,36,8787,1
example_36,36,1x12,37,9123,1
example_38,38,1x12,39,13619,9
example_40,40,1x12,41,8420,9
example_41,41,4x3+1,42,8039,6
example_42,42,1x12,43,11315,8
example_43,43,1x12,44,19571,4
example_44,44,2x6,45,18794,1
example_45,45,1x12,46,13180,2
example_46,46,1x12,47,8295,9
example_47,47,2x6,48,13672,9
example_48,48,2x6,49,13958,9
example_49,49,2x6,50,16961,7
example_50,50,1x12,51,16750,9
example_51,51,1x12,52,18153,1
example_52,52,2x6,53,21409,8
example_53,53,1x12,54,16751,5
example_54,54,4x3+1,55,20191,2
example_55,55,2x6,56,20191,2
example_57,57,2x6,58,19424,2
example_59,59,4x3+1,60,15065,1
example_60,60,4x3+1,61,14660,6
example_61,61,1x12,62,21273,9
example_63,63,1x12,64,12864,3
example_65,65,4x3+1,66,11352,5
example_66,66,2x6,67,8520,4
example_67,67,2x6,68,14101,7
example_68,68,4x3+1,69,8339,9
example_69,69,4x3+1,70,19173,6
example_70,70,2x6,71,15551,8
example_71,71,4x3+1,72,14060,9
example_72,72,4x3+1,73,19987,5
example_73,73,1x12,74,11671,8
example_76,76,2x6,77,8555,6
example_77,77,4x3+1,78,14356,2
example_79,79,4x3+1,80,9339,2
example_80,80,2x6,81,20961,5
example_81,81,1x12,82,19645,1
example_82,82,4x3+1,83,11314,4
example_83,83,2x6,84,19197,2
example_84,84,1x12,85,15904,5
example_85,85,4x3+1,86,10366,2
example_86,86,2x6,87,17293,7
example_87,87,4x3+1,88,15275,7
example_88,88,1x12,89,12531,4
example_89,89,2x6,90,8418,1
example_90,90,4x3+1,91,8305,9
example_91,91,4x3+1,92,10239,8
example_93,93,4x3+1,94,21731,9
example_94,94,4x3+1,95,9243,5
example_95,95,4x3+1,96,21698,1
example_96,96,4x3+1,97,12761,6
example_97,97,2x6,98,10804,8
example_98,98,2x6,99,18012,4
example_100,100,4x3+1,101,9086,4
example_101,101,4x3+1,102,9887,1
example_102,102,2x6,103,13722,4
example_103,103,1x12,104,19738,4
example_104,104,1x12,105,18974,3
example_105,105,2x6,106,16066,5
example_106,106,4x3+1,107,13453,5
example_107,107,2x6,108,11810,8
example_108,108,2x6,109,21312,2
example_109,109,2x6,110,12715,3
example_110,110,4x3+1,111,13266,6
example_112,112,2x6,113,13285,8
example_113,113,4x3+1,114,14097,4
example_117,117,1x12,118,21192,3
example_119,119,1x12,120,11860,4
example_122,122,2x6,123,12603,2
example_123,123,4x3+1,124,9730,7
example_124,124,4x3+1,125,18987,7
example_125,125,4x3+1,126,17462,2
example_126,126,4x3+1,127,11926,9
example_129,129,4x3+1,130,11656,2
example_130,130,2x6,131,13698,8
example_132,132,2x6,133,13083,4
example_133,133,2x6,134,10784,9
example_134,134,1x12,135,19453,6
example_135,135,2x6,136,13445,5
example_136,136,4x3+1,138,8727,8
example_137,137,4x3+1,144,16914,9
example_138,138,2x6,146,13447,7
example_139,139,2x6,147,19638,3
example_140,140,4x3+1,148,16944,3
example_141,141,1x12,149,21700,1
example_142,142,4x3+1,150,8125,7
example_143,143,1x12,151,12152,9
example_144,144,1x12,152,9796,9
example_145,145,4x3+1,153,20254,9
example_146,146,4x3+1,154,13617,5
example_147,147,2x6,155,12640,9
example_148,148,2x6,156,19547,7
example_150,150,2x6,158,8909,4
example_151,151,1x12,159,10669,3
example_153,153,2x6,161,10634,5
example_155,155,4x3+1,163,14851,6
example_156,156,1x12,164,15095,3
example_157,157,2x6,165,9277,9
example_158,158,4x3+1,166,14033,2
example_160,160,4x3+1,168,16704,7
example_161,161,1x12,169,13688,6
example_162,162,1x12,170,15691,9
example_163,163,1x12,171,15591,9
example_165,165,2x6,173,10676,9
example_166,166,4x3+1,174,8595,5
example_168,168,4x3+1,176,8172,2
example_169,169,4x3+1,177,21551,4
example_170,170,2x6,178,20606,9
example_171,171,4x3+1,179,14032,3
example_173,173,1x12,181,21551,4
example_174,174,2x6,182,12000,6
example_175,175,2x6,183,13660,1
example_176,176,4x3+1,184,13112,9
example_177,177,2x6,185,17272,7
example_178,178,1x12,186,12396,9
example_179,179,4x3+1,187,15678,5
example_180,180,2x6,188,13483,1
example_181,181,1x12,189,13112,9
example_182,182,2x6,190,10782,9
example_183,183,1x12,191,10630,3
example_184,184,1x12,192,8340,5
example_185,185,4x3+1,193,17536,9
example_186,186,4x3+1,194,20434,8
example_187,187,4x3+1,195,14472,9
example_188,188,1x12,196,9374,2
example_189,189,2x6,197,14891,4
example_190,190,4x3+1,198,21074,9
example_191,191,1x12,199,10746,8
example_192,192,2x6,200,11031,8
example_194,194,4x3+1,202,16322,7
example_196,196,4x3+1,204,19408,9
example_197,197,4x3+1,205,21222,9
example_198,198,4x3+1,206,12453,4
example_199,199,4x3+1,207,17633,8
example_201,201,4x3+1,209,14751,2
example_203,203,4x3+1,211,18690,3
example_204,204,2x6,212,17791,4
example_205,205,1x12,213,10157,4
example_206,206,2x6,214,12141,6
example_207,207,1x12,215,7949,6
example_208,208,2x6,216,18577,9
example_209,209,2x6,217,21519,9
example_211,211,2x6,219,21519,9
example_212,212,4x3+1,220,21580,5
example_213,213,4x3+1,221,18264,2
example_214,214,1x12,222,10783,6
example_215,215,2x6,223,16039,9
example_216,216,2x6,224,15572,3
example_217,217,1x12,225,13163,7
example_218,218,4x3+1,226,20431,3
example_219,219,1x12,227,16322,7
example_220,220,1x12,228,8608,9
example_221,221,4x3+1,229,19645,1
example_222,222,2x6,230,15432,7
example_223,223,4x3+1,231,18301,1
example_224,224,1x12,232,12190,1
example_225,225,2x6,233,20772,9
example_226,226,1x12,234,17115,9
example_227,227,4x3+1,235,15405,4
example_228,228,1x12,236,19277,2
example_229,229,2x6,237,11651,5
example_230,230,1x12,238,12640,9
example_231,231,2x6,239,17862,6
example_234,234,2x6,242,16654,5
example_236,236,1x12,244,16481,2
example_238,238,2x6,246,21409,8
example_239,239,1x12,247,15351,1
example_240,240,4x3+1,248,19067,2
example_241,241,2x6,249,14355,2
example_242,242,1x12,250,17940,5
example_243,243,4x3+1,251,10359,5
example_245,245,2x6,253,2096,5
example_246,246,1x12,254,7415,5
example_247,247,2x6,255,4867,3
example_248,248,2x6,256,565,7
example_249,249,2x6,257,6078,3
example_250,250,1x12,258,5750,6
example_251,251,4x3+1,259,4776,8
example_252,252,2x6,260,5471,7
example_253,253,4x3+1,261,3810,8
example_254,254,2x6,262,6501,9
example_255,255,4x3+1,263,1595,5
example_256,256,2x6,264,4441,2
example_257,257,4x3+1,265,706,8
example_258,258,4x3+1,266,641,9
example_259,259,2x6,267,7662,1
example_260,260,1x12,268,2533,1
example_261,261,2x6,269,2282,8
example_262,262,2x6,270,1480,4
example_264,264,2x6,272,1027,4
example_265,265,1x12,273,340,2
example_267,267,1x12,275,1389,1
example_268,268,4x3+1,276,5087,6
example_269,269,1x12,277,6211,2
example_270,270,4x3+1,278,1202,5
example_271,271,1x12,279,437,5
example_272,272,2x6,280,2493,7
example_273,273,4x3+1,281,641,9
example_274,274,1x12,282,437,5
example_275,275,1x12,283,4715,2
example_276,276,2x6,284,3192,3
example_277,277,1x12,285,7744,2
example_278,278,1x12,286,6410,6
example_279,279,2x6,287,6437,9
example_280,280,1x12,288,6335,7
example_281,281,1x12,289,5489,7
example_282,282,1x12,290,2261,8
example_283,283,4x3+1,291,4830,1
example_284,284,1x12,292,6581,8
example_285,285,4x3+1,293,1689,9
example_286,286,4x3+1,294,5818,2
example_287,287,2x6,295,603,9
example_288,288,1x12,296,7614,3
example_289,289,1x12,297,4845,7
example_290,290,1x12,298,340,2
example_292,292,1x12,300,3974,7
example_293,293,1x12,301,3830,2
example_294,294,4x3+1,302,2632,2
example_295,295,4x3+1,303,3327,9
example_296,296,4x3+1,304,2367,5
example_297,297,4x3+1,305,3713,8
example_298,298,4x3+1,306,3242,1
example_299,299,2x6,307,6348,1
example_300,300,4x3+1,308,640,1
example_301,301,2x6,309,6590,2
example_302,302,1x12,310,1316,6
example_303,303,1x12,311,4302,1
example_304,304,4x3+1,312,3516,8
example_305,305,2x6,313,1110,5
example_306,306,4x3+1,314,4113,6
example_307,307,4x3+1,315,1671,2
example_308,308,2x6,316,380,1
example_309,309,1x12,317,2046,8
example_311,311,1x12,319,1318,2
example_312,312,2x6,320,640,1
example_313,313,1x12,321,4188,7
example_314,314,2x6,322,5115,4
example_315,315,2x6,323,3825,2
example_316,316,4x3+1,324,6044,1
example_317,317,1x12,325,636,5
example_318,318,1x12,326,603,9
example_319,319,2x6,327,5017,8
example_320,320,2x6,328,6519,8
example_321,321,1x12,329,3746,4
example_322,322,2x6,330,4807,1
example_323,323,4x3+1,331,3023,7
example_324,324,1x12,332,2275,6
example_325,325,4x3+1,333,4417,4
example_327,327,1x12,335,3268,7
example_329,329,1x12,337,3498,8
example_330,330,2x6,338,7479,8
example_331,331,2x6,339,5945,5
example_332,332,2x6,340,15264,2
example_333,333,2x6,341,5779,3
example_334,334,1x12,342,7851,6
example_335,335,4x3+1,343,4004,9
example_336,336,2x6,344,1491,1
example_337,337,4x3+1,345,1431,5
example_338,338,4x3+1,346,565,7
example_340,340,2x6,348,1848,4
example_341,341,4x3+1,349,7592,5
example_342,342,1x12,350,5819,6
example_343,343,4x3+1,351,5304,4
example_344,344,1x12,352,20919,9
example_345,345,1x12,353,13022,8
example_346,346,4x3+1,354,19088,9
example_347,347,1x12,355,15648,3
example_348,348,1x12,356,15203,6
example_349,349,4x3+1,357,17283,8
example_350,350,1x12,358,14469,4
example_351,351,1x12,359,17687,2
example_352,352,1x12,360,9812,9
example_354,354,1x12,362,13598,2
example_355,355,1x12,363,11126,7
example_357,357,1x12,365,9158,9
example_358,358,4x3+1,366,16163,1
example_359,359,1x12,367,17549,8
example_360,360,2x6,368,16468,9
example_361,361,2x6,369,15251,1
example_362,362,4x3+1,370,10213,4
example_363,363,2x6,371,19098,7
example_364,364,4x3+1,372,13339,7
example_365,365,2x6,373,12708,7
example_366,366,2x6,374,8032,6
example_367,367,2x6,375,14700,7
example_368,368,1x12,376,11674,8
example_371,371,4x3+1,379,19267,1
example_372,372,1x12,380,19163,5
example_373,373,2x6,381,15843,3
example_375,375,4x3+1,383,15446,9
example_376,376,4x3+1,384,10456,1
example_377,377,1x12,385,16064,1
example_378,378,4x3+1,386,11809,9
example_379,379,4x3+1,387,14950,9
example_381,381,1x12,389,8599,3
example_382,382,1x12,390,18420,5
example_383,383,1x12,391,20129,7
example_384,384,4x3+1,392,10720,5
example_385,385,2x6,393,21724,4
example_386,386,1x12,394,9198,8
example_387,387,2x6,395,13170,3
example_388,388,1x12,396,14726,3
example_390,390,1x12,398,13146,9
example_391,391,4x3+1,399,15234,4
example_393,393,2x6,401,9367,6
example_394,394,2x6,402,12491,1
example_395,395,4x3+1,403,11090,7
example_396,396,1x12,404,7438,4
example_398,398,4x3+1,406,11864,9
example_399,399,4x3+1,407,7393,5
example_400,400,2x6,408,6603,8
example_401,401,1x12,409,1457,7
example_402,402,1x12,410,1582,3
example_403,403,1x12,411,589,1
example_404,404,2x6,412,3336,5
example_405,405,2x6,413,1631,4
example_406,406,4x3+1,414,1620,9
example_407,407,2x6,415,19748,2
example_408,408,1x12,416,3596,2
example_410,410,4x3+1,418,4206,6
example_411,411,1x12,419,1909,9
example_412,412,1x12,420,3406,5
example_413,413,1x12,421,2490,1
example_414,414,4x3+1,422,4257,1
example_415,415,2x6,423,1752,8
example_416,416,4x3+1,424,5026,5
example_417,417,1x12,425,2440,9
example_418,418,1x12,426,2677,8
example_420,420,4x3+1,428,4902,2
example_421,421,4x3+1,429,5393,2
example_423,423,1x12,431,9313,1
example_424,424,2x6,432,14453,1
example_425,425,4x3+1,433,2973,7
example_426,426,2x6,434,19672,4
example_427,427,1x12,435,13153,8
example_428,428,1x12,436,2247,3
example_429,429,4x3+1,437,2990,9
example_430,430,4x3+1,438,16026,7
example_431,431,2x6,439,1419,7
example_433,433,2x6,441,6036,9
example_434,434,2x6,442,3522,2
example_435,435,1x12,443,3697,4
example_436,436,2x6,444,6513,4
example_437,437,4x3+1,445,3996,9
example_438,438,2x6,446,3135,1
example_439,439,1x12,447,20931,8
example_442,442,1x12,450,19497,7
example_443,443,1x12,451,19697,6
example_445,445,2x6,453,9795,3
example_446,446,4x3+1,454,8113,7
example_447,447,1x12,455,13346,8
example_448,448,2x6,457,16773,1
example_449,449,2x6,460,19795,5
example_450,450,2x6,463,16723,1
example_451,451,4x3+1,464,11625,1
example_452,452,1x12,465,8979,1
example_453,453,1x12,466,1617,1
example_454,454,1x12,467,6882,2
example_455,455,4x3+1,468,4519,1
example_456,456,1x12,469,9378,5
example_457,457,2x6,470,4578,5
example_458,458,2x6,471,2951,8
example_461,461,2x6,474,5362,2
example_462,462,4x3+1,475,4545,1
example_463,463,1x12,476,7616,1
example_464,464,4x3+1,477,14794,7
example_466,466,1x12,479,6798,3
example_467,467,1x12,480,5339,4
example_468,468,2x6,481,7293,2
example_469,469,2x6,482,2709,2
example_470,470,2x6,483,19895,9
example_471,471,2x6,484,1991,1
example_472,472,1x12,485,13439,1
example_473,473,2x6,486,943,1
example_474,474,1x12,487,17266,1
example_475,475,2x6,488,5132,2
example_476,476,2x6,489,7705,5
example_477,477,2x6,490,13837,2
example_478,478,2x6,491,3731,9
example_479,479,4x3+1,492,4959,4
example_480,480,2x6,493,2821,6
example_481,481,4x3+1,494,744,6
example_482,482,1x12,495,3630,1
example_483,483,1x12,496,4160,5
example_484,484,1x12,497,5459,5
example_485,485,1x12,498,16911,9
example_487,487,1x12,500,1168,8
example_488,488,2x6,501,6473,4
example_489,489,2x6,502,6683,5
example_490,490,2x6,503,7535,5
example_492,492,1x12,505,6512,4
example_493,493,1x12,506,8424,2
example_494,494,1x12,507,9982,8
example_495,495,1x12,508,8697,1
example_496,496,4x3+1,509,1007,4
example_497,497,1x12,510,8697,1
example_498,498,1x12,511,21231,7
example_500,500,1x12,513,21231,7
example_502,502,1x12,515,12266,9
example_504,504,4x3+1,517,12006,4
example_505,505,2x6,518,17369,2
example_506,506,4x3+1,519,8697,1
example_507,507,2x6,520,13351,9
example_508,508,4x3+1,521,17234,3
example_509,509,1x12,522,19497,7
example_510,510,2x6,523,14910,8
example_511,511,2x6,524,20065,9
example_512,512,4x3+1,525,19497,7
example_515,515,4x3+1,528,15942,4
example_516,516,1x12,529,13474,9
example_517,517,4x3+1,530,10672,3
example_518,518,2x6,531,16818,7
example_519,519,4x3+1,532,15942,4
example_520,520,4x3+1,533,10984,7
example_522,522,1x12,535,15942,4
example_523,523,2x6,536,21123,5
example_524,524,4x3+1,537,21127,9
example_525,525,2x6,538,13449,2
example_526,526,4x3+1,539,19864,7
example_527,527,4x3+1,540,8144,4
example_528,528,2x6,541,11595,7
example_529,529,4x3+1,542,17649,5
example_530,530,1x12,543,15996,4
example_531,531,1x12,544,13772,9
example_532,532,2x6,545,15734,9
example_533,533,1x12,546,8292,6
example_534,534,2x6,547,12171,6
example_535,535,4x3+1,548,21363,3
example_536,536,4x3+1,549,13167,1
example_537,537,1x12,550,9027,3
example_538,538,2x6,551,20767,1
example_539,539,1x12,552,9980,1
example_540,540,2x6,553,10977,9
example_541,541,4x3+1,554,15180,9
example_542,542,2x6,555,20075,2
example_543,543,4x3+1,556,13531,4
example_544,544,4x3+1,557,16895,4
example_545,545,2x6,558,15279,9
example_547,547,1x12,560,16169,1
example_548,548,2x6,561,21466,6
example_549,549,2x6,562,17206,4
example_550,550,1x12,563,12015,9
example_552,552,1x12,565,21078,7
example_553,553,2x6,566,7420,7
example_554,554,1x12,567,2536,8
example_555,555,1x12,568,1948,4
example_558,558,1x12,571,6099,3
example_559,559,4x3+1,572,2061,2
example_561,561,4x3+1,574,7510,9
example_562,562,2x6,575,1357,4
example_563,563,4x3+1,576,2555,2
example_564,564,4x3+1,577,5508,3
example_565,565,4x3+1,578,8223,6
example_566,566,4x3+1,579,5506,6
example_567,567,4x3+1,580,8741,1
example_570,570,2x6,583,18005,7
example_572,572,1x12,585,5606,5
example_573,573,2x6,586,19924,4
example_574,574,1x12,587,11694,9
example_575,575,2x6,588,15114,5
example_576,576,4x3+1,589,8774,1
example_577,577,2x6,590,9600,8
example_578,578,4x3+1,591,13062,3
example_579,579,1x12,592,2885,3
example_580,580,4x3+1,593,382,5
example_581,581,1x12,594,4512,7
example_582,582,2x6,595,6146,6
example_583,583,2x6,596,1721,7
example_584,584,1x12,597,5832,1
example_586,586,2x6,599,4389,7
example_587,587,2x6,600,4590,5
example_588,588,2x6,601,4261,9
example_589,589,1x12,602,14547,7
example_590,590,1x12,603,5090,6
example_591,591,2x6,604,3725,4
example_592,592,4x3+1,605,5122,4
example_593,593,1x12,606,4464,4
example_594,594,4x3+1,607,4843,6
example_595,595,2x6,608,543,1
example_596,596,4x3+1,609,6069,8
example_597,597,1x12,610,441,6
example_599,599,2x6,612,6556,9
example_600,600,1x12,613,382,5
example_601,601,4x3+1,614,938,4
example_602,602,4x3+1,615,7655,9
example_603,603,1x12,616,6056,1
example_604,604,4x3+1,617,7740,6
example_607,607,4x3+1,620,7477,5
example_608,608,1x12,621,3378,1
example_609,609,2x6,622,6097,1
example_610,610,2x6,623,4563,2
example_611,611,4x3+1,624,6865,7
example_612,612,1x12,625,7144,6
example_613,613,4x3+1,626,2924,6
example_614,614,4x3+1,627,2819,9
example_615,615,4x3+1,628,3476,1
example_616,616,1x12,629,3918,2
example_617,617,4x3+1,630,990,8
example_618,618,4x3+1,631,5043,4
example_619,619,4x3+1,632,1659,2
example_620,620,4x3+1,633,709,9
example_621,621,1x12,634,543,1
example_622,622,4x3+1,635,392,1
example_623,623,4x3+1,636,441,6
example_624,624,1x12,637,2145,8
example_625,625,2x6,638,14577,1
example_626,626,1x12,639,1829,2
example_627,627,1x12,640,7565,4
example_628,628,4x3+1,641,6851,4
example_629,629,2x6,642,3672,4
example_630,630,1x12,643,7613,2
example_631,631,4x3+1,644,20487,4
example_632,632,2x6,645,667,7
example_633,633,4x3+1,646,520,3
example_634,634,1x12,647,15636,7
example_635,635,4x3+1,648,5031,5
example_636,636,1x12,649,1038,5
example_637,637,1x12,650,1285,5
example_638,638,4x3+1,651,3691,7
example_639,639,2x6,652,1449,3
example_640,640,2x6,653,2459,7
example_641,641,2x6,654,4285,3
example_642,642,2x6,655,4315,3
example_643,643,4x3+1,656,718,6
example_644,644,2x6,657,3426,5
example_646,646,1x12,659,7656,8
example_647,647,4x3+1,660,3990,6
example_648,648,1x12,661,4279,3
example_649,649,2x6,662,8412,9
example_650,650,4x3+1,663,20470,2
example_651,651,2x6,664,4480,5
example_652,652,1x12,665,5217,2
example_653,653,4x3+1,666,1988,7
example_654,654,2x6,667,1377,4
example_655,655,2x6,668,1978,8
example_656,656,4x3+1,669,2229,6
example_657,657,2x6,670,7637,5
example_658,658,4x3+1,671,3977,3
example_659,659,2x6,672,3707,8
example_660,660,1x12,673,2745,9
example_661,661,2x6,674,5559,7
example_662,662,2x6,675,5124,2
example_663,663,2x6,676,5808,1
example_664,664,4x3+1,677,7822,8
example_665,665,2x6,678,20166,2
example_666,666,2x6,679,1918,7
example_667,667,2x6,680,3445,7
example_668,668,4x3+1,681,8704,7
example_669,669,2x6,682,11966,8
example_670,670,4x3+1,683,819,6
example_671,671,1x12,684,3429,2
example_673,673,1x12,686,3939,3
example_676,676,4x3+1,689,3805,6
example_677,677,1x12,690,5355,7
example_678,678,1x12,691,3076,4
example_679,679,1x12,692,4569,5
example_680,680,4x3+1,693,381,3
example_682,682,2x6,695,6510,3
example_684,684,1x12,697,3879,8
example_685,685,2x6,698,6923,8
example_686,686,1x12,699,543,1
example_687,687,1x12,700,7361,7
example_688,688,2x6,701,4459,2
example_689,689,2x6,702,1508,2
example_690,690,4x3+1,703,4900,2
example_691,691,4x3+1,704,2071,1
example_692,692,4x3+1,705,4874,9
example_693,693,1x12,706,5626,8
example_695,695,4x3+1,708,7065,4
example_696,696,1x12,709,681,4
example_697,697,1x12,710,5542,3
example_698,698,1x12,711,6903,7
example_699,699,4x3+1,712,565,7
example_700,700,2x6,713,1191,8
example_701,701,1x12,714,3671,7
example_702,702,1x12,715,7220,6
example_703,703,2x6,716,3114,9
example_704,704,4x3+1,717,3795,9
example_705,705,2x6,718,5700,6
example_706,706,2x6,719,2781,7
example_707,707,1x12,720,5912,7
example_708,708,2x6,721,6866,5
example_709,709,4x3+1,722,6446,9
example_711,711,2x6,724,17445,1
example_712,712,1x12,725,5428,7
example_714,714,2x6,727,520,3
example_715,715,2x6,728,6623,9
example_716,716,1x12,729,10919,4
example_717,717,4x3+1,730,565,7
example_718,718,1x12,731,6322,2
example_720,720,1x12,733,2391,6
example_721,721,2x6,734,4467,7
example_722,722,4x3+1,735,665,4
example_723,723,2x6,736,3998,3
example_724,724,2x6,737,7024,1
example_725,725,4x3+1,738,3827,6
example_726,726,1x12,739,3678,1
example_727,727,4x3+1,740,625,6
example_728,728,1x12,741,2132,7
example_729,729,1x12,742,3911,7
example_730,730,4x3+1,743,639,8
example_731,731,1x12,744,4445,3
example_732,732,4x3+1,745,6612,2
example_733,733,4x3+1,746,927,3
example_734,734,4x3+1,747,1832,5
example_735,735,1x12,748,7916,9
example_736,736,2x6,749,11060,6
example_737,737,1x12,750,2396,6
example_739,739,2x6,752,7189,8
example_740,740,1x12,753,8965,4
example_741,741,1x12,754,4618,3
example_742,742,1x12,755,7142,1
example_744,744,1x12,757,639,8
example_746,746,4x3+1,759,4296,1
example_747,747,2x6,760,5465,6
example_748,748,2x6,761,381,3
example_749,749,1x12,762,380,1
example_750,750,4x3+1,763,589,1
example_753,753,1x12,766,639,8
example_754,754,2x6,767,7485,7
example_755,755,2x6,768,7224,8
example_756,756,1x12,769,5830,8
example_757,757,2x6,770,12935,8
example_758,758,1x12,771,3063,9
example_759,759,4x3+1,772,18916,9
example_760,760,2x6,773,10312,7
example_761,761,4x3+1,774,16588,5
example_763,763,4x3+1,776,15644,9
example_764,764,2x6,777,17731,3
example_765,765,1x12,778,18738,2
example_767,767,1x12,780,15534,8
example_768,768,2x6,781,14656,6
example_769,769,2x6,782,19618,1
example_770,770,4x3+1,783,15838,1
example_771,771,4x3+1,784,19047,5
example_772,772,1x12,785,14509,8
example_773,773,2x6,786,15158,5
example_774,774,4x3+1,787,18804,9
example_775,775,4x3+1,788,10756,7
example_777,777,1x12,790,17801,4
example_778,778,2x6,791,16221,7
example_779,779,4x3+1,792,14970,9
example_780,780,1x12,793,18105,3
example_781,781,1x12,794,10287,7
example_783,783,1x12,796,21542,9
example_784,784,4x3+1,797,9196,4
example_785,785,2x6,798,21542,9
example_787,787,1x12,800,13874,9
example_788,788,4x3+1,801,15493,3
example_789,789,4x3+1,802,18259,6
example_790,790,1x12,803,18649,2
example_791,791,4x3+1,804,10733,5
example_794,794,4x3+1,807,15153,5
example_795,795,1x12,808,17310,4
example_796,796,2x6,809,19396,8
example_797,797,4x3+1,810,13249,4
example_798,798,4x3+1,811,19607,1
example_799,799,2x6,812,9386,7
example_800,800,1x12,813,10239,8
example_801,801,4x3+1,814,21542,9
example_802,802,4x3+1,815,14679,4
example_803,803,4x3+1,816,4133,6
example_804,804,4x3+1,817,3820,5
example_805,805,1x12,818,19662,9
example_806,806,1x12,819,4577,7
example_807,807,2x6,820,325,7
example_809,809,2x6,822,6708,1
example_810,810,2x6,823,1791,9
example_811,811,2x6,824,371,7
example_812,812,2x6,825,325,7
example_813,813,1x12,826,1412,3
example_814,814,4x3+1,827,2123,6
example_815,815,1x12,828,325,7
example_816,816,4x3+1,829,6035,3
example_817,817,4x3+1,830,5123,7
example_818,818,2x6,831,5337,5
example_819,819,4x3+1,832,7624,6
example_820,820,1x12,833,4930,2
example_821,821,2x6,834,6940,7
example_822,822,4x3+1,835,1062,4
example_823,823,2x6,836,6730,6
example_824,824,1x12,837,4719,4
example_825,825,2x6,838,17756,7
example_826,826,4x3+1,839,1551,9
example_827,827,2x6,840,15742,4
example_828,828,4x3+1,841,1900,2
example_829,829,2x6,842,6371,7
example_830,830,2x6,843,1756,9
example_831,831,4x3+1,844,7917,2
example_832,832,1x12,845,6438,7
example_833,833,1x12,846,1923,2
example_834,834,1x12,847,7911,2
example_836,836,2x6,849,7475,9
example_837,837,2x6,850,4221,4
example_838,838,4x3+1,851,2968,5
example_839,839,4x3+1,852,907,4
example_840,840,1x12,853,3750,8
example_842,842,1x12,855,7992,1
example_843,843,2x6,856,834,9
example_844,844,1x12,857,484,3
example_845,845,1x12,858,4520,5
example_846,846,4x3+1,859,7318,4
example_847,847,2x6,860,484,3
example_849,849,4x3+1,862,10798,6
example_850,850,1x12,863,2218,4
example_851,851,2x6,864,7661,2
example_852,852,1x12,865,2161,8
example_853,853,2x6,866,6697,9
example_854,854,4x3+1,867,20236,3
example_855,855,4x3+1,868,4909,9
example_856,856,2x6,869,6108,5
example_857,857,2x6,870,4369,8
example_858,858,1x12,871,5322,4
example_859,859,2x6,872,4865,4
example_860,860,4x3+1,873,5335,8
example_861,861,2x6,874,352,8
example_862,862,4x3+1,875,1541,8
example_863,863,1x12,876,6463,3
example_864,864,2x6,877,11920,7
example_865,865,4x3+1,878,6518,8
example_866,866,1x12,879,3079,4
example_867,867,4x3+1,880,1638,1
example_868,868,4x3+1,881,2682,9
example_869,869,1x12,882,3906,2
example_870,870,1x12,883,7639,5
example_871,871,4x3+1,884,5604,8
example_872,872,2x6,885,2841,9
example_874,874,2x6,887,352,8
example_875,875,1x12,888,3092,1
example_876,876,1x12,889,11105,9
example_877,877,1x12,890,5008,7
example_878,878,4x3+1,891,2288,5
example_880,880,4x3+1,893,3710,4
example_881,881,1x12,894,1193,6
example_882,882,4x3+1,895,10366,2
example_883,883,1x12,896,4782,4
example_884,884,2x6,897,4555,4
example_885,885,1x12,898,1611,8
example_886,886,4x3+1,899,4010,3
example_887,887,2x6,900,4246,7
example_888,888,2x6,901,5843,9
example_889,889,2x6,902,8343,9
example_890,890,4x3+1,903,2586,1
example_891,891,2x6,904,20118,9
example_892,892,2x6,905,18362,2
example_893,893,2x6,906,4531,6
example_894,894,1x12,907,639,8
example_895,895,2x6,908,2853,6
example_896,896,2x6,909,3923,8
example_897,897,2x6,910,625,6
example_899,899,2x6,912,5263,3
example_900,900,2x6,913,6560,9
example_901,901,4x3+1,914,1575,4
example_902,902,2x6,915,1450,7
example_903,903,1x12,916,7887,1
example_905,905,4x3+1,918,1794,4
example_906,906,4x3+1,919,2764,6
example_907,907,4x3+1,920,1802,2
example_908,908,4x3+1,921,11064,5
example_909,909,4x3+1,922,4888,2
example_910,910,4x3+1,923,7408,6
example_911,911,1x12,924,2610,3
example_912,912,2x6,925,5897,9
example_913,913,1x12,926,3577,3
example_914,914,2x6,927,2826,9
example_916,916,1x12,929,2051,5
example_917,917,2x6,930,687,6
example_919,919,1x12,932,4887,5
example_920,920,2x6,933,4829,7
example_921,921,2x6,934,7012,5
example_923,923,1x12,936,18264,2
example_924,924,2x6,937,4085,7
example_925,925,4x3+1,938,2337,8
example_926,926,2x6,939,5257,5
example_927,927,4x3+1,940,5187,2
example_928,928,4x3+1,941,566,3
example_929,929,1x12,942,410,2
example_931,931,2x6,944,900,7
example_932,932,2x6,945,7609,7
example_933,933,4x3+1,946,5891,9
example_935,935,2x6,948,410,2
example_938,938,1x12,951,4205,4
example_940,940,2x6,953,566,3
example_941,941,1x12,954,6193,9
example_942,942,1x12,955,1514,4
example_943,943,4x3+1,956,2681,1
example_944,944,1x12,957,1613,1
example_947,947,4x3+1,960,2411,1
example_948,948,1x12,961,306,8
example_949,949,1x12,962,7414,1
example_951,951,2x6,964,4910,2
example_952,952,2x6,965,1542,6
example_953,953,2x6,966,16143,9
example_954,954,1x12,967,7342,5
example_956,956,2x6,969,5980,1
example_957,957,4x3+1,970,3272,8
example_958,958,4x3+1,971,763,3
example_959,959,4x3+1,972,6140,2
example_960,960,4x3+1,973,306,8
example_961,961,4x3+1,974,3125,1
example_963,963,1x12,976,4990,4
example_964,964,4x3+1,977,6691,3
example_965,965,2x6,978,1761,7
example_966,966,2x6,979,5334,1
example_967,967,1x12,980,3407,7
example_968,968,1x12,981,4120,7
example_969,969,1x12,982,5054,5
example_970,970,4x3+1,983,1233,8
example_971,971,1x12,984,7061,1
example_972,972,4x3+1,985,7407,9
example_973,973,4x3+1,986,2949,3
example_974,974,2x6,987,7818,9
example_975,975,1x12,988,5930,4
example_976,976,1x12,989,5316,8
example_977,977,2x6,990,381,3
example_978,978,2x6,991,16772,6
example_979,979,1x12,992,6625,6
example_980,980,4x3+1,993,2375,3
example_981,981,1x12,994,1119,2
example_982,982,4x3+1,995,6672,2
example_983,983,1x12,996,1010,5
example_984,984,4x3+1,997,381,3
example_985,985,4x3+1,998,6058,7
example_986,986,2x6,999,1497,9
example_987,987,4x3+1,1000,4008,7
example_988,988,4x3+1,1001,5203,5
example_989,989,2x6,1002,982,1
example_990,990,2x6,1003,6494,1
example_991,991,4x3+1,1004,458,6
example_992,992,2x6,1005,4905,7
example_993,993,4x3+1,1006,5926,2
example_994,994,2x6,1007,10526,9
example_995,995,2x6,1008,12978,9
example_997,997,2x6,1010,5889,5
example_998,998,2x6,1011,7732,1
example_999,999,1x12,1012,1342,3
example_1002,1002,2x6,1015,5995,9
example_1004,1004,4x3+1,1017,6304,6
example_1005,1005,1x12,1018,11273,3
example_1006,1006,4x3+1,1019,2182,7
example_1007,1007,2x6,1020,458,6
example_1008,1008,1x12,1021,2446,1
example_1009,1009,4x3+1,1022,6648,7
example_1010,1010,2x6,1023,7089,5
example_1011,1011,1x12,1024,10568,5
example_1012,1012,4x3+1,1025,5578,1
example_1013,1013,2x6,1026,1368,9
example_1014,1014,4x3+1,1027,868,5
example_1015,1015,4x3+1,1028,6661,3
example_1016,1016,4x3+1,1029,3999,3
example_1017,1017,4x3+1,1030,2004,9
example_1019,1019,1x12,1032,1706,6
example_1020,1020,2x6,1033,3161,7
example_1021,1021,4x3+1,1034,3221,8
example_1022,1022,4x3+1,1035,2417,4
example_1023,1023,1x12,1036,557,6
example_1024,1024,4x3+1,1037,20479,3
example_1025,1025,2x6,1038,2246,7
example_1026,1026,4x3+1,1039,6038,7
example_1027,1027,2x6,1040,2946,2
example_1028,1028,1x12,1041,5796,8
example_1029,1029,4x3+1,1042,499,6
example_1030,1030,1x12,1043,16222,3
example_1031,1031,1x12,1044,1916,5
example_1032,1032,4x3+1,1045,6352,4
example_1033,1033,4x3+1,1046,557,6
example_1034,1034,1x12,1047,826,1
example_1035,1035,4x3+1,1048,3943,8
example_1036,1036,1x12,1049,3014,3
example_1037,1037,4x3+1,1050,1722,2
example_1039,1039,1x12,1052,637,1
example_1040,1040,1x12,1053,3469,2
example_1042,1042,2x6,1055,1375,1
example_1044,1044,1x12,1057,371,7
example_1045,1045,1x12,1058,5502,6
example_1046,1046,1x12,1059,3774,5
example_1047,1047,2x6,1060,5730,7
example_1049,1049,1x12,1062,2769,5
example_1050,1050,2x6,1063,499,6
example_1051,1051,2x6,1064,1524,4
example_1052,1052,4x3+1,1065,627,2
example_1053,1053,1x12,1066,1628,4
example_1054,1054,4x3+1,1067,2913,5
example_1056,1056,2x6,1069,1649,5
example_1057,1057,4x3+1,1070,6349,4
example_1058,1058,1x12,1071,7743,8
example_1059,1059,4x3+1,1072,5552,6
example_1060,1060,4x3+1,1073,3305,1
example_1061,1061,1x12,1074,4850,1
example_1062,1062,2x6,1075,627,2
example_1063,1063,2x6,1076,10171,2
example_1064,1064,1x12,1077,627,2
example_1066,1066,2x6,1079,6143,8
example_1067,1067,1x12,1080,1310,6
example_1068,1068,1x12,1081,4456,5
example_1069,1069,2x6,1082,6738,3
example_1070,1070,2x6,1083,5443,3
example_1072,1072,2x6,1085,2014,4
example_1073,1073,1x12,1086,2172,2
example_1074,1074,4x3+1,1087,5095,4
example_1075,1075,4x3+1,1088,7094,6
example_1076,1076,4x3+1,1089,5284,2
example_1077,1077,4x3+1,1090,968,4
example_1078,1078,4x3+1,1091,5726,2
example_1079,1079,4x3+1,1092,7367,2
example_1082,1082,1x12,1095,2563,1
example_1083,1083,1x12,1096,874,2
example_1084,1084,1x12,1097,2368,2
example_1085,1085,1x12,1098,3140,9
example_1086,1086,1x12,1099,16221,7
example_1089,1089,1x12,1102,540,4
example_1090,1090,2x6,1103,4833,9
example_1091,1091,2x6,1104,5004,9
example_1092,1092,2x6,1105,5943,5
example_1093,1093,2x6,1106,7255,3
example_1094,1094,1x12,1107,540,4
example_1095,1095,2x6,1108,7629,5
example_1096,1096,1x12,1109,4267,9
example_1097,1097,4x3+1,1110,3521,1
example_1098,1098,1x12,1111,637,1
example_1099,1099,4x3+1,1112,16261,3
example_1101,1101,2x6,1114,14091,4
example_1102,1102,4x3+1,1115,20479,3
example_1103,1103,4x3+1,1116,16226,4
example_1104,1104,2x6,1117,14942,1
example_1105,1105,1x12,1118,19269,2
example_1106,1106,2x6,1119,16469,9
example_1108,1108,1x12,1121,16199,2
example_1109,1109,1x12,1122,15120,8
example_1110,1110,1x12,1123,7009,9
example_1111,1111,2x6,1124,8989,2
example_1112,1112,4x3+1,1125,5611,6
example_1113,1113,1x12,1126,6610,1
example_1114,1114,1x12,1127,7067,6
example_1115,1115,2x6,1128,2599,7
example_1116,1116,4x3+1,1129,6609,3
example_1117,1117,2x6,1130,1313,1
example_1118,1118,2x6,1131,3565,1
example_1119,1119,4x3+1,1132,5949,1
example_1121,1121,4x3+1,1134,5899,4
example_1122,1122,4x3+1,1135,10745,5
example_1123,1123,1x12,1136,6279,5
example_1124,1124,1x12,1137,2978,3
example_1125,1125,1x12,1138,5307,2
example_1126,1126,2x6,1139,4705,9
example_1127,1127,4x3+1,1140,7288,8
example_1128,1128,2x6,1141,528,4
example_1129,1129,4x3+1,1142,5734,1
example_1130,1130,4x3+1,1143,4805,4
example_1131,1131,2x6,1144,6831,1
example_1132,1132,1x12,1145,6129,1
example_1133,1133,4x3+1,1146,5213,4
example_1135,1135,2x6,1148,870,3
example_1136,1136,1x12,1149,3867,6
example_1137,1137,4x3+1,1150,333,1
example_1138,1138,1x12,1151,653,1
example_1139,1139,1x12,1152,1540,9
example_1140,1140,2x6,1153,1625,4
example_1141,1141,1x12,1154,1236,5
example_1142,1142,2x6,1155,2176,3
example_1143,1143,1x12,1156,6411,7
example_1146,1146,2x6,1159,649,9
example_1147,1147,1x12,1160,6742,5
example_1148,1148,1x12,1161,2136,8
example_1149,1149,1x12,1162,6171,1
example_1150,1150,2x6,1163,5551,1
example_1151,1151,1x12,1164,653,1
example_1152,1152,1x12,1165,1413,7
example_1154,1154,4x3+1,1167,2744,8
example_1155,1155,2x6,1168,734,5
example_1157,1157,2x6,1170,1657,1
example_1158,1158,4x3+1,1171,5046,5
example_1160,1160,4x3+1,1173,653,1
example_1161,1161,1x12,1174,6289,6
example_1163,1163,2x6,1176,2593,8
example_1164,1164,4x3+1,1177,6643,4
example_1165,1165,4x3+1,1178,6769,6
example_1166,1166,4x3+1,1179,6983,5
example_1167,1167,4x3+1,1180,5738,8
example_1168,1168,2x6,1181,1525,8
example_1169,1169,1x12,1182,5298,6
example_1170,1170,4x3+1,1183,6950,1
example_1171,1171,1x12,1184,934,9
example_1172,1172,2x6,1185,333,1
example_1174,1174,4x3+1,1187,5436,6
example_1175,1175,2x6,1188,2598,4
example_1176,1176,1x12,1189,4074,2
example_1177,1177,2x6,1190,17493,1
example_1178,1178,1x12,1191,6460,5
example_1179,1179,1x12,1192,4450,6
example_1180,1180,4x3+1,1193,2855,2
example_1181,1181,2x6,1194,7543,3
example_1182,1182,2x6,1195,5047,2
example_1183,1183,1x12,1196,3535,7
example_1185,1185,1x12,1198,966,6
example_1186,1186,2x6,1199,4657,7
example_1188,1188,2x6,1201,2492,7
example_1189,1189,4x3+1,1202,2351,5
example_1190,1190,1x12,1203,4568,3
example_1191,1191,1x12,1204,18591,7
example_1192,1192,1x12,1205,18791,9
example_1193,1193,4x3+1,1206,2502,9
example_1194,1194,4x3+1,1207,6747,4
example_1195,1195,2x6,1208,19872,9
example_1196,1196,1x12,1209,2637,2
example_1197,1197,2x6,1210,4684,6
example_1198,1198,4x3+1,1211,4452,2
example_1199,1199,4x3+1,1212,2870,4
example_1200,1200,4x3+1,1213,7378,1
example_1201,1201,1x12,1214,7645,8
example_1202,1202,2x6,1215,2711,4
example_1203,1203,2x6,1216,1941,6
example_1204,1204,4x3+1,1217,1139,1
example_1205,1205,4x3+1,1218,5074,1
example_1208,1208,1x12,1221,5268,3
example_1209,1209,4x3+1,1222,5402,9
example_1210,1210,4x3+1,1223,983,4
example_1211,1211,4x3+1,1224,4862,2
example_1212,1212,2x6,1225,4951,5
example_1213,1213,2x6,1226,1002,5
example_1214,1214,2x6,1227,1956,2
example_1215,1215,2x6,1228,3612,5
example_1216,1216,2x6,1229,7112,3
example_1217,1217,1x12,1230,10909,6
example_1218,1218,2x6,1231,636,5
example_1219,1219,1x12,1232,421,8
example_1220,1220,2x6,1233,637,1
example_1221,1221,4x3+1,1234,7564,6
example_1222,1222,1x12,1235,4966,3
example_1223,1223,2x6,1236,815,1
example_1224,1224,4x3+1,1237,421,8
example_1225,1225,2x6,1238,561,2
example_1226,1226,4x3+1,1239,3837,6
example_1227,1227,2x6,1240,421,8
example_1228,1228,2x6,1241,561,2
example_1229,1229,4x3+1,1242,7122,9
example_1230,1230,2x6,1243,17213,3
example_1231,1231,1x12,1244,11302,3
example_1232,1232,1x12,1245,14973,7
example_1234,1234,2x6,1247,17556,3
example_1235,1235,4x3+1,1248,17610,5
example_1236,1236,2x6,1249,19947,9
example_1237,1237,1x12,1250,9619,8
example_1239,1239,4x3+1,1252,10312,7
example_1240,1240,2x6,1253,14104,2
example_1241,1241,2x6,1254,16135,8
example_1242,1242,1x12,1255,19987,5
example_1243,1243,1x12,1256,11086,9
example_1244,1244,1x12,1257,18396,8
example_1245,1245,1x12,1258,15017,7
example_1246,1246,2x6,1259,18198,5
example_1247,1247,2x6,1260,21209,4
example_1248,1248,4x3+1,1261,8420,9
example_1249,1249,2x6,1262,10650,9
example_1250,1250,2x6,1263,16565,6
example_1251,1251,1x12,1264,16886,7
example_1252,1252,2x6,1265,21080,7
example_1254,1254,2x6,1267,21055,6
example_1256,1256,1x12,1269,11820,8
example_1257,1257,2x6,1270,16221,7
example_1258,1258,2x6,1271,13738,5
example_1259,1259,4x3+1,1272,19868,5
example_1260,1260,4x3+1,1273,19868,5
example_1261,1261,4x3+1,1274,15458,5
example_1263,1263,4x3+1,1276,9956,4
example_1264,1264,4x3+1,1277,18925,8
example_1265,1265,1x12,1278,12830,8
example_1266,1266,2x6,1279,17493,1
example_1268,1268,2x6,1281,12612,3
example_1270,1270,1x12,1283,14902,6
example_1271,1271,2x6,1284,15788,1
example_1272,1272,1x12,1285,15970,1
example_1273,1273,2x6,1286,14346,7
example_1275,1275,4x3+1,1288,9870,6
example_1276,1276,4x3+1,1289,21532,1
example_1277,1277,1x12,1290,18891,4
example_1278,1278,1x12,1291,10745,5
example_1279,1279,1x12,1292,15203,6
example_1280,1280,4x3+1,1293,9859,8
example_1281,1281,4x3+1,1294,12999,2
example_1282,1282,1x12,1295,20870,9
example_1283,1283,1x12,1296,11441,4
example_1284,1284,4x3+1,1297,16798,1
example_1285,1285,4x3+1,1298,9281,8
example_1286,1286,1x12,1299,14503,7
example_1287,1287,1x12,1300,14503,7
example_1288,1288,1x12,1301,14598,3
example_1289,1289,1x12,1302,11686,1
example_1290,1290,2x6,1303,21269,5
example_1291,1291,2x6,1304,19089,6
example_1292,1292,2x6,1305,10716,5
example_1293,1293,2x6,1306,17605,4
example_1295,1295,2x6,1308,18338,2
example_1296,1296,4x3+1,1309,18673,6
example_1297,1297,1x12,1310,16827,1
example_1299,1299,1x12,1312,18967,5
example_1300,1300,2x6,1313,10860,3
example_1301,1301,2x6,1314,15155,1
example_1303,1303,1x12,1316,14869,9
example_1304,1304,4x3+1,1317,15358,3
example_1305,1305,1x12,1318,7956,8
example_1306,1306,2x6,1319,1969,7
example_1308,1308,2x6,1321,5894,9
example_1309,1309,4x3+1,1322,5030,2
example_1310,1310,4x3+1,1323,1859,5
example_1311,1311,1x12,1324,5288,4
example_1312,1312,1x12,1325,6719,6
example_1313,1313,2x6,1326,3070,4
example_1314,1314,2x6,1327,1835,1
example_1315,1315,4x3+1,1328,1629,7
example_1316,1316,2x6,1329,1200,5
example_1317,1317,1x12,1330,3478,6
example_1318,1318,4x3+1,1331,2991,4
example_1319,1319,4x3+1,1332,2362,1
example_1320,1320,2x6,1333,7498,1
example_1321,1321,4x3+1,1334,8253,8
example_1322,1322,4x3+1,1335,1647,2
example_1323,1323,4x3+1,1336,5911,8
example_1324,1324,1x12,1337,5303,3
example_1325,1325,4x3+1,1338,7035,4
example_1326,1326,1x12,1339,3648,3
example_1327,1327,2x6,1340,21056,2
example_1328,1328,4x3+1,1341,2171,5
example_1329,1329,4x3+1,1342,3418,4
example_1331,1331,1x12,1344,8056,7
example_1332,1332,4x3+1,1345,14763,1
example_1333,1333,1x12,1346,16386,8
example_1334,1334,1x12,1347,20207,5
example_1335,1335,4x3+1,1348,4614,3
example_1336,1336,1x12,1349,2551,8
example_1337,1337,4x3+1,1350,11702,5
example_1339,1339,4x3+1,1352,6640,5
example_1341,1341,4x3+1,1354,19041,3
example_1343,1343,4x3+1,1356,528,4
example_1344,1344,1x12,1357,5928,6
example_1345,1345,1x12,1358,6025,6
example_1346,1346,1x12,1359,14154,5
example_1347,1347,4x3+1,1360,8726,8
example_1348,1348,1x12,1361,13804,1
example_1349,1349,1x12,1362,10559,5
example_1350,1350,2x6,1363,12295,6
example_1351,1351,2x6,1364,14619,9
example_1352,1352,4x3+1,1365,19563,5
example_1353,1353,4x3+1,1366,14580,4
example_1354,1354,2x6,1367,21233,9
example_1355,1355,4x3+1,1368,16675,5
example_1356,1356,2x6,1369,3103,4
example_1357,1357,1x12,1370,13446,3
example_1358,1358,2x6,1371,15038,4
example_1359,1359,1x12,1372,3675,1
example_1360,1360,2x6,1373,8121,5
example_1361,1361,2x6,1374,6150,8
example_1362,1362,1x12,1375,6192,6
example_1363,1363,2x6,1376,3698,7
example_1365,1365,2x6,1378,6826,8
example_1366,1366,1x12,1379,7123,9
example_1367,1367,1x12,1380,2833,4
example_1368,1368,2x6,1381,937,7
example_1369,1369,2x6,1382,2020,8
example_1370,1370,2x6,1383,7863,3
example_1371,1371,1x12,1384,5225,3
example_1372,1372,4x3+1,1385,802,3
example_1374,1374,2x6,1387,6493,7
example_1375,1375,4x3+1,1388,7812,5
example_1376,1376,2x6,1389,6386,5
example_1377,1377,4x3+1,1390,6151,8
example_1379,1379,2x6,1392,13460,8
example_1380,1380,4x3+1,1393,7724,4
example_1382,1382,1x12,1395,2562,4
example_1383,1383,2x6,1396,4463,4
example_1384,1384,4x3+1,1397,2776,8
example_1385,1385,2x6,1398,6858,5
example_1386,1386,1x12,1399,12213,9
example_1387,1387,4x3+1,1400,16887,4
example_1388,1388,1x12,1401,5938,3
example_1389,1389,2x6,1402,7700,7
example_1390,1390,4x3+1,1403,3942,2
example_1391,1391,1x12,1404,4284,6
example_1393,1393,1x12,1406,3218,4
example_1394,1394,1x12,1407,6167,5
example_1395,1395,1x12,1408,4054,3
example_1396,1396,1x12,1409,10511,2
example_1397,1397,1x12,1410,4393,7
example_1398,1398,2x6,1411,6707,7
example_1399,1399,1x12,1412,425,5
example_1400,1400,2x6,1413,6541,2
example_1401,1401,4x3+1,1414,902,8
example_1402,1402,2x6,1415,3791,5
example_1404,1404,1x12,1417,11998,7
example_1405,1405,2x6,1418,2831,1
example_1406,1406,4x3+1,1419,2138,4
example_1407,1407,1x12,1420,11820,8
example_1408,1408,4x3+1,1421,4879,9
example_1409,1409,1x12,1422,7663,1
example_1410,1410,4x3+1,1423,18171,1
example_1412,1412,4x3+1,1425,14939,5
example_1414,1414,2x6,1427,20044,9
example_1415,1415,1x12,1428,12143,5
example_1417,1417,2x6,1430,15045,2
example_1418,1418,1x12,1431,18803,2
example_1419,1419,2x6,1432,10700,7
example_1420,1420,1x12,1433,16989,9
example_1421,1421,2x6,1434,11999,5
example_1422,1422,1x12,1435,16929,3
example_1423,1423,4x3+1,1436,15502,7
example_1424,1424,1x12,1437,13352,6
example_1425,1425,2x6,1438,15047,4
example_1426,1426,4x3+1,1439,16142,9
example_1427,1427,2x6,1440,10629,9
example_1428,1428,1x12,1441,19273,7
example_1429,1429,1x12,1442,10612,5
example_1430,1430,2x6,1443,8907,1
example_1431,1431,2x6,1444,20476,1
example_1432,1432,2x6,1445,13442,6
example_1433,1433,1x12,1446,10445,4
example_1435,1435,1x12,1448,19896,2
example_1436,1436,2x6,1449,18349,9
example_1437,1437,2x6,1450,10887,5
example_1438,1438,2x6,1451,16916,9
example_1439,1439,2x6,1452,12153,3
example_1440,1440,4x3+1,1453,17864,9
example_1441,1441,1x12,1454,11214,5
example_1442,1442,4x3+1,1455,20051,9
example_1444,1444,2x6,1457,10593,6
example_1446,1446,4x3+1,1459,14699,5
example_1447,1447,4x3+1,1460,17179,3
example_1448,1448,1x12,1461,13388,8
example_1449,1449,2x6,1462,14046,9
example_1450,1450,4x3+1,1463,17204,8
example_1451,1451,4x3+1,1464,19465,9
example_1452,1452,2x6,1465,8677,1
example_1453,1453,1x12,1466,10628,1
example_1454,1454,2x6,1467,7948,8
example_1456,1456,2x6,1469,4058,9
example_1457,1457,1x12,1470,3494,3
example_1458,1458,2x6,1471,413,5
example_1459,1459,2x6,1472,2907,3
example_1460,1460,2x6,1473,17115,9
example_1461,1461,4x3+1,1474,5757,1
example_1462,1462,2x6,1475,6316,2
example_1463,1463,4x3+1,1476,15321,4
example_1464,1464,4x3+1,1477,5121,1
example_1465,1465,2x6,1478,16982,9
example_1468,1468,4x3+1,1481,15390,7
example_1469,1469,4x3+1,1482,21006,7
example_1470,1470,2x6,1483,21289,8
example_1471,1471,2x6,1484,14886,5
example_1472,1472,2x6,1485,10409,2
example_1473,1473,2x6,1486,14465,9
example_1475,1475,2x6,1488,13519,2
example_1476,1476,4x3+1,1489,21183,2
example_1477,1477,2x6,1490,20956,9
example_1479,1479,4x3+1,1492,16876,9
example_1480,1480,4x3+1,1493,10691,8
example_1482,1482,1x12,1495,11568,3
example_1483,1483,4x3+1,1496,16002,4
example_1484,1484,2x6,1497,18668,9
example_1486,1486,1x12,1499,14984,2
example_1487,1487,1x12,1500,21616,4
example_1488,1488,4x3+1,1501,10857,2
example_1489,1489,1x12,1502,984,9
example_1490,1490,2x6,1503,2801,5
example_1491,1491,4x3+1,1504,4359,9
example_1492,1492,4x3+1,1505,3848,7
example_1493,1493,2x6,1506,5907,6
example_1494,1494,1x12,1507,7268,3
example_1495,1495,2x6,1508,6210,6
example_1496,1496,1x12,1509,3949,4
example_1497,1497,4x3+1,1510,1427,1
example_1498,1498,2x6,1511,767,3
example_1499,1499,2x6,1512,2911,6
example_1500,1500,1x12,1513,11568,3
example_1501,1501,4x3+1,1514,555,3
example_1502,1502,1x12,1515,668,9
example_1503,1503,4x3+1,1516,555,3
example_1504,1504,4x3+1,1517,6631,8
example_1505,1505,2x6,1518,6929,9
example_1506,1506,1x12,1519,7380,6
example_1507,1507,2x6,1520,5230,3
example_1508,1508,4x3+1,1521,6570,5
example_1510,1510,1x12,1523,2871,4
example_1511,1511,2x6,1524,1071,3
example_1512,1512,1x12,1525,7773,7
example_1513,1513,1x12,1526,4061,2
example_1514,1514,2x6,1527,1774,2
example_1515,1515,4x3+1,1528,599,2
example_1516,1516,4x3+1,1529,6745,1
example_1517,1517,4x3+1,1530,6251,5
example_1518,1518,1x12,1531,3428,8
example_1519,1519,4x3+1,1532,4534,3
example_1520,1520,1x12,1533,2573,5
example_1522,1522,4x3+1,1535,7798,6
example_1523,1523,1x12,1536,16021,1
example_1524,1524,1x12,1537,356,1
example_1525,1525,2x6,1538,7041,8
example_1526,1526,2x6,1539,1664,3
example_1527,1527,4x3+1,1540,7327,7
example_1528,1528,4x3+1,1541,20956,9
example_1529,1529,2x6,1542,5515,9
example_1530,1530,4x3+1,1543,14277,4
example_1531,1531,4x3+1,1544,4425,7
example_1532,1532,4x3+1,1545,7448,8
example_1533,1533,4x3+1,1546,6318,6
example_1534,1534,4x3+1,1547,1359,3
example_1535,1535,4x3+1,1548,5755,8
example_1536,1536,1x12,1549,3452,4
example_1537,1537,2x6,1550,4437,4
example_1538,1538,1x12,1551,599,2
example_1539,1539,4x3+1,1552,2118,7
example_1540,1540,2x6,1553,1587,1
example_1541,1541,1x12,1554,864,6
example_1542,1542,4x3+1,1555,7141,8
example_1544,1544,4x3+1,1557,14573,1
example_1545,1545,2x6,1558,3411,5
example_1546,1546,2x6,1559,7346,5
example_1547,1547,4x3+1,1560,19213,3
example_1548,1548,4x3+1,1561,15726,8
example_1549,1549,4x3+1,1562,4789,4
example_1550,1550,4x3+1,1563,556,6
example_1552,1552,2x6,1565,3143,7
example_1553,1553,1x12,1566,20956,9
example_1554,1554,2x6,1567,16574,3
example_1555,1555,4x3+1,1568,20225,7
example_1556,1556,4x3+1,1569,556,6
example_1557,1557,4x3+1,1570,7824,3
example_1559,1559,2x6,1572,1614,8
example_1560,1560,1x12,1573,5378,6
example_1561,1561,2x6,1574,515,1
example_1562,1562,2x6,1575,3012,4
example_1563,1563,2x6,1576,7568,7
example_1564,1564,2x6,1577,7809,9
example_1565,1565,2x6,1578,6003,3
example_1566,1566,2x6,1579,1766,3
example_1567,1567,2x6,1580,12549,2
example_1568,1568,4x3+1,1581,2271,7
example_1569,1569,4x3+1,1582,19102,4
example_1570,1570,4x3+1,1583,5539,5
example_1571,1571,4x3+1,1584,14929,7
example_1572,1572,4x3+1,1585,2408,7
example_1573,1573,2x6,1586,6068,1
example_1574,1574,1x12,1587,1147,1
example_1575,1575,2x6,1588,3113,3
example_1577,1577,2x6,1590,7675,1
example_1578,1578,4x3+1,1591,7046,7
example_1579,1579,1x12,1592,5658,5
example_1580,1580,1x12,1593,5557,1
example_1581,1581,4x3+1,1594,1443,5
example_1582,1582,1x12,1595,3742,9
example_1583,1583,2x6,1596,15876,7
example_1584,1584,1x12,1597,6001,4
example_1585,1585,1x12,1598,21418,4
example_1586,1586,4x3+1,1599,5495,5
example_1587,1587,2x6,1600,8316,3
example_1588,1588,2x6,1601,4219,7
example_1589,1589,2x6,1602,7959,1
example_1590,1590,1x12,1603,6995,5
example_1591,1591,2x6,1604,3512,7
example_1592,1592,2x6,1605,5385,7
example_1593,1593,1x12,1606,5243,1
example_1594,1594,1x12,1607,12305,5
example_1595,1595,1x12,1608,4664,3
example_1596,1596,2x6,1609,6096,7
example_1597,1597,4x3+1,1610,3278,9
example_1598,1598,2x6,1611,12706,9
example_1599,1599,1x12,1612,3027,9
example_1600,1600,1x12,1613,4468,7
example_1601,1601,2x6,1614,3354,8
example_1602,1602,1x12,1615,1723,7
example_1603,1603,4x3+1,1616,515,1
example_1606,1606,1x12,1619,2638,9
example_1607,1607,4x3+1,1620,1811,5
example_1608,1608,4x3+1,1621,1078,1
example_1609,1609,4x3+1,1622,14886,5
example_1610,1610,1x12,1623,3743,2
example_1612,1612,1x12,1625,5233,8
example_1613,1613,4x3+1,1626,454,3
example_1614,1614,1x12,1627,6034,9
example_1615,1615,4x3+1,1628,17828,9
example_1616,1616,1x12,1629,4992,3
example_1618,1618,1x12,1631,2352,6
example_1620,1620,2x6,1633,6900,8
example_1621,1621,4x3+1,1634,6549,8
example_1622,1622,1x12,1635,7898,4
example_1623,1623,1x12,1636,7909,5
example_1624,1624,2x6,1637,710,5
example_1625,1625,2x6,1638,9311,8
example_1627,1627,2x6,1640,12084,4
example_1628,1628,2x6,1641,2379,2
example_1629,1629,4x3+1,1642,4640,1
example_1630,1630,2x6,1643,16905,2
example_1631,1631,1x12,1644,6528,5
example_1632,1632,4x3+1,1645,7424,9
example_1633,1633,1x12,1646,4841,8
example_1634,1634,2x6,1647,454,3
example_1635,1635,2x6,1648,1391,9
example_1636,1636,2x6,1649,3119,2
example_1637,1637,1x12,1650,5249,8
example_1638,1638,2x6,1651,18986,2
example_1639,1639,4x3+1,1652,5479,7
example_1640,1640,1x12,1653,1930,3
example_1641,1641,4x3+1,1654,555,3
example_1643,1643,1x12,1656,7169,5
example_1644,1644,2x6,1657,2564,3
example_1645,1645,4x3+1,1658,7625,4
example_1646,1646,2x6,1659,6755,8
example_1647,1647,4x3+1,1660,2557,3
example_1648,1648,4x3+1,1661,7573,5
example_1649,1649,4x3+1,1662,9960,7
example_1650,1650,2x6,1663,3423,5
example_1651,1651,4x3+1,1664,6207,5
example_1652,1652,2x6,1665,11283,5
example_1653,1653,2x6,1666,5086,2
example_1654,1654,1x12,1667,16596,7
example_1655,1655,2x6,1668,16472,8
example_1656,1656,2x6,1669,21183,2
example_1657,1657,1x12,1670,4540,1
example_1658,1658,4x3+1,1671,454,3
example_1659,1659,4x3+1,1672,4139,3
example_1660,1660,1x12,1673,4720,3
example_1661,1661,2x6,1674,3940,5
example_1662,1662,1x12,1675,5967,2
example_1663,1663,4x3+1,1676,5453,4
example_1664,1664,4x3+1,1677,17606,8
example_1665,1665,1x12,1678,14708,9
example_1666,1666,2x6,1679,4062,2
example_1667,1667,4x3+1,1680,7632,6
example_1668,1668,4x3+1,1681,425,5
example_1669,1669,2x6,1682,2330,3
example_1670,1670,4x3+1,1683,5429,4
example_1671,1671,2x6,1684,4825,6
example_1672,1672,4x3+1,1685,1566,2
example_1673,1673,1x12,1686,1214,4
example_1674,1674,4x3+1,1687,1599,6
example_1675,1675,2x6,1688,2080,8
example_1676,1676,4x3+1,1689,413,5
example_1677,1677,1x12,1690,12974,1
example_1678,1678,4x3+1,1691,20024,5
example_1679,1679,4x3+1,1692,16339,6
example_1680,1680,2x6,1693,4094,7
example_1681,1681,1x12,1694,413,5
example_1682,1682,1x12,1695,14917,1
example_1683,1683,1x12,1696,13028,4
example_1685,1685,1x12,1698,13248,4
example_1686,1686,4x3+1,1699,20837,9
example_1688,1688,4x3+1,1701,20919,9
example_1689,1689,4x3+1,1702,14103,5
example_1690,1690,4x3+1,1703,11382,1
example_1691,1691,1x12,1704,15838,1
example_1693,1693,2x6,1706,16242,2
example_1694,1694,4x3+1,1707,13248,4
example_1696,1696,2x6,1709,8218,3
example_1697,1697,4x3+1,1710,13878,8
example_1698,1698,1x12,1711,10303,6
example_1699,1699,4x3+1,1712,8412,9
example_1700,1700,2x6,1713,7961,9
example_1701,1701,4x3+1,1714,21293,9
example_1702,1702,2x6,1715,18586,4
example_1703,1703,4x3+1,1716,10016,9
example_1705,1705,4x3+1,1718,10748,4
example_1706,1706,1x12,1719,15508,4
example_1707,1707,4x3+1,1720,18142,6
example_1708,1708,2x6,1721,15508,4
example_1709,1709,1x12,1722,13122,7
example_1710,1710,4x3+1,1723,17318,1
example_1711,1711,4x3+1,1724,15135,5
example_1712,1712,4x3+1,1725,17005,2
example_1713,1713,2x6,1726,10312,7
example_1714,1714,2x6,1727,14772,5
example_1715,1715,4x3+1,1728,14106,7
example_1716,1716,1x12,1729,21603,3
example_1717,1717,2x6,1730,12115,3
example_1718,1718,4x3+1,1731,21572,8
example_1719,1719,2x6,1732,8911,7
example_1720,1720,4x3+1,1733,20336,3
example_1721,1721,4x3+1,1734,17785,9
example_1722,1722,2x6,1735,14879,6
example_1725,1725,1x12,1738,12778,3
example_1726,1726,1x12,1739,19254,7
example_1727,1727,2x6,1740,15420,5
example_1729,1729,4x3+1,1742,10767,8
example_1730,1730,4x3+1,1743,21120,6
example_1731,1731,2x6,1744,12845,1
example_1735,1735,1x12,1748,16221,7
example_1736,1736,4x3+1,1749,10931,4
example_1737,1737,4x3+1,1750,14228,1
example_1738,1738,1x12,1751,11534,5
example_1739,1739,1x12,1752,14883,4
example_1741,1741,2x6,1754,16022,2
example_1742,1742,2x6,1755,1295,4
example_1743,1743,2x6,1756,7178,5
example_1745,1745,4x3+1,1758,10876,9
example_1746,1746,2x6,1759,14948,2
example_1747,1747,2x6,1760,10702,8
example_1748,1748,1x12,1761,12436,5
example_1749,1749,2x6,1762,8028,1
example_1750,1750,2x6,1763,21187,9
example_1751,1751,1x12,1764,4955,6
example_1752,1752,2x6,1765,3754,5
example_1753,1753,4x3+1,1766,6394,1
example_1754,1754,4x3+1,1767,5998,4
example_1755,1755,1x12,1768,1834,3
example_1757,1757,1x12,1770,6689,6
example_1758,1758,1x12,1771,21567,3
example_1759,1759,2x6,1772,5836,5
example_1760,1760,1x12,1773,9503,8
example_1761,1761,4x3+1,1774,6800,6
example_1763,1763,1x12,1776,13807,3
example_1764,1764,2x6,1777,5430,5
example_1765,1765,4x3+1,1778,5413,1
example_1766,1766,1x12,1779,1289,8
example_1768,1768,2x6,1781,2062,5
example_1769,1769,2x6,1782,4304,9
example_1770,1770,2x6,1783,7505,6
example_1771,1771,1x12,1784,5501,8
example_1773,1773,4x3+1,1786,5758,4
example_1774,1774,1x12,1787,3946,8
example_1775,1775,1x12,1788,2234,2
example_1776,1776,2x6,1789,2455,1
example_1778,1778,1x12,1791,3809,4
example_1780,1780,2x6,1793,4832,8
example_1781,1781,4x3+1,1794,4364,9
example_1782,1782,1x12,1795,9960,7
example_1783,1783,4x3+1,1796,7862,6
example_1784,1784,4x3+1,1797,6478,3
example_1785,1785,2x6,1798,570,9
example_1786,1786,2x6,1799,3989,4
example_1787,1787,4x3+1,1800,4397,8
example_1788,1788,2x6,1801,6214,3
example_1789,1789,1x12,1802,4386,1
example_1790,1790,1x12,1803,3090,5
example_1791,1791,1x12,1804,6453,1
example_1792,1792,1x12,1805,13007,3
example_1793,1793,4x3+1,1806,1562,8
example_1794,1794,2x6,1807,2140,2
example_1795,1795,2x6,1808,2795,2
example_1796,1796,1x12,1809,361,9
example_1797,1797,2x6,1810,1609,5
example_1798,1798,2x6,1811,3156,7
example_1800,1800,1x12,1813,16600,2
example_1801,1801,4x3+1,1814,3282,3
example_1802,1802,4x3+1,1815,411,7
example_1803,1803,2x6,1816,7849,2
example_1804,1804,4x3+1,1817,11885,9
example_1805,1805,2x6,1818,1714,5
example_1806,1806,1x12,1819,6288,1
example_1807,1807,1x12,1820,569,6
example_1808,1808,1x12,1821,7238,2
example_1809,1809,2x6,1822,3329,7
example_1810,1810,1x12,1823,1068,5
example_1811,1811,4x3+1,1824,4289,7
example_1813,1813,4x3+1,1826,19377,5
example_1814,1814,4x3+1,1827,3966,2
example_1815,1815,2x6,1828,2276,4
example_1816,1816,1x12,1829,2887,5
example_1817,1817,2x6,1830,18139,8
example_1818,1818,1x12,1831,18924,7
example_1819,1819,4x3+1,1832,7545,9
example_1820,1820,2x6,1833,4191,4
example_1821,1821,2x6,1834,3582,7
example_1823,1823,1x12,1836,12092,5
example_1824,1824,1x12,1837,5795,8
example_1826,1826,1x12,1839,1772,7
example_1827,1827,4x3+1,1840,2377,2
example_1828,1828,2x6,1841,7070,9
example_1829,1829,1x12,1842,2342,1
example_1831,1831,2x6,1844,361,9
example_1832,1832,1x12,1845,400,3
example_1833,1833,2x6,1846,4813,7
example_1834,1834,2x6,1847,3620,3
example_1835,1835,4x3+1,1848,5893,4
example_1836,1836,4x3+1,1849,5079,4
example_1838,1838,1x12,1851,7287,4
example_1839,1839,2x6,1852,5324,9
example_1841,1841,1x12,1854,3180,9
example_1842,1842,4x3+1,1855,4293,6
example_1843,1843,4x3+1,1856,1732,2
example_1845,1845,2x6,1858,569,6
example_1846,1846,4x3+1,1859,21565,4
example_1848,1848,2x6,1861,6471,8
example_1849,1849,4x3+1,1862,5993,9
example_1850,1850,2x6,1863,2667,8
example_1852,1852,2x6,1865,19716,5
example_1853,1853,2x6,1866,15272,7
example_1855,1855,4x3+1,1868,3171,4
example_1856,1856,4x3+1,1869,4461,6
example_1858,1858,1x12,1871,1585,9
example_1859,1859,2x6,1872,5740,1
example_1860,1860,1x12,1873,2634,1
example_1861,1861,1x12,1874,1989,3
example_1862,1862,4x3+1,1875,2508,8
example_1863,1863,1x12,1876,9055,9
example_1864,1864,4x3+1,1877,569,6
example_1865,1865,2x6,1878,11778,8
example_1866,1866,4x3+1,1879,4403,8
example_1867,1867,1x12,1880,4717,7
example_1868,1868,4x3+1,1881,2518,4
example_1869,1869,2x6,1882,3270,1
example_1870,1870,2x6,1883,5440,5
example_1871,1871,1x12,1884,5940,1
example_1873,1873,2x6,1886,3682,6
example_1874,1874,1x12,1887,2193,5
example_1875,1875,4x3+1,1888,8899,6
example_1876,1876,2x6,1889,2348,9
example_1877,1877,1x12,1890,7340,2
example_1878,1878,2x6,1891,4758,4
example_1879,1879,4x3+1,1892,2548,1
example_1880,1880,4x3+1,1893,9126,4
example_1881,1881,2x6,1894,3700,1
example_1882,1882,4x3+1,1895,7716,2
example_1883,1883,1x12,1896,5127,8
example_1884,1884,1x12,1897,3891,7
example_1885,1885,2x6,1898,4928,2
example_1887,1887,1x12,1900,3762,1
example_1889,1889,2x6,1902,17320,4
example_1890,1890,1x12,1903,4567,1
example_1891,1891,4x3+1,1904,2717,2
example_1892,1892,2x6,1905,1544,6
example_1893,1893,1x12,1906,3763,9
example_1894,1894,4x3+1,1907,7931,9
example_1895,1895,1x12,1908,6948,9
example_1896,1896,1x12,1909,21559,5
example_1897,1897,4x3+1,1910,852,9
example_1898,1898,1x12,1911,8961,2
example_1899,1899,4x3+1,1912,711,3
example_1900,1900,1x12,1913,2832,4
example_1901,1901,4x3+1,1914,7539,7
example_1902,1902,2x6,1915,16166,6
example_1903,1903,4x3+1,1916,400,3
example_1904,1904,4x3+1,1917,2654,2
example_1905,1905,2x6,1918,922,5
example_1906,1906,1x12,1919,444,3
example_1908,1908,2x6,1921,444,3
example_1909,1909,4x3+1,1922,6299,6
example_1910,1910,1x12,1923,20977,8
example_1911,1911,2x6,1924,591,5
example_1912,1912,1x12,1925,613,1
example_1913,1913,4x3+1,1926,2114,5
example_1914,1914,2x6,1927,2549,3
example_1915,1915,2x6,1928,5535,1
example_1916,1916,4x3+1,1929,3784,1
example_1917,1917,2x6,1930,2583,8
example_1918,1918,4x3+1,1931,2535,3
example_1919,1919,4x3+1,1932,5769,2
example_1921,1921,1x12,1934,1182,6
example_1922,1922,4x3+1,1935,6085,1
example_1923,1923,1x12,1936,1070,9
example_1924,1924,2x6,1937,432,1
example_1926,1926,2x6,1939,4793,5
example_1928,1928,2x6,1941,432,1
example_1929,1929,1x12,1942,570,9
example_1930,1930,4x3+1,1943,7756,3
example_1932,1932,4x3+1,1945,5846,4
example_1934,1934,1x12,1947,591,5
example_1935,1935,4x3+1,1948,6224,2
example_1936,1936,1x12,1949,6297,3
example_1938,1938,1x12,1951,2561,5
example_1939,1939,4x3+1,1952,5865,9
example_1940,1940,4x3+1,1953,310,1
example_1941,1941,4x3+1,1954,1999,3
example_1942,1942,1x12,1955,2150,2
example_1943,1943,2x6,1956,6263,9
example_1944,1944,2x6,1957,14555,1
example_1946,1946,1x12,1959,5839,5
example_1947,1947,1x12,1960,9155,2
example_1949,1949,2x6,1962,2037,9
example_1950,1950,2x6,1963,10872,3
example_1951,1951,1x12,1964,613,1
example_1952,1952,2x6,1965,356,1
example_1953,1953,2x6,1966,1394,4
example_1954,1954,4x3+1,1967,7106,7
example_1955,1955,1x12,1968,5511,2
example_1956,1956,4x3+1,1969,2601,4
example_1957,1957,1x12,1970,760,5
example_1958,1958,1x12,1971,11534,5
example_1960,1960,4x3+1,1973,5970,7
example_1961,1961,1x12,1974,10576,4
example_1962,1962,4x3+1,1975,3075,7
example_1963,1963,1x12,1976,3550,5
example_1964,1964,4x3+1,1977,847,9
example_1965,1965,2x6,1978,2716,7
example_1966,1966,2x6,1979,2318,6
example_1967,1967,4x3+1,1980,4164,1
example_1968,1968,1x12,1981,459,9
example_1969,1969,1x12,1982,6345,9
example_1970,1970,4x3+1,1983,2323,1
example_1971,1971,1x12,1984,13090,9
example_1972,1972,1x12,1985,1204,4
example_1973,1973,1x12,1986,1363,2
example_1974,1974,4x3+1,1987,10151,3
example_1976,1976,4x3+1,1989,3139,8
example_1977,1977,4x3+1,1990,7693,9
example_1978,1978,1x12,1991,2956,6
example_1979,1979,4x3+1,1992,2964,9
example_1982,1982,4x3+1,1995,389,9
example_1983,1983,1x12,1996,471,2
example_1984,1984,2x6,1997,768,7
example_1986,1986,4x3+1,1999,3129,3
example_1987,1987,4x3+1,2000,6645,2
example_1988,1988,1x12,2001,4276,5
example_1989,1989,2x6,2002,4617,7
example_1990,1990,2x6,2003,3634,6
example_1991,1991,4x3+1,2004,3651,1
example_1992,1992,1x12,2005,4162,6
example_1993,1993,4x3+1,2006,5815,3
example_1994,1994,1x12,2007,15974,6
example_1995,1995,1x12,2008,2194,7
example_1996,1996,2x6,2009,1082,8
example_1997,1997,2x6,2010,4727,7
example_1998,1998,2x6,2011,6536,4
example_1999,1999,1x12,2012,1355,5
example_2000,2000,1x12,2013,2373,4
example_2001,2001,1x12,2014,7562,4
example_2002,2002,1x12,2015,2196,2
example_2003,2003,4x3+1,2016,7861,5
example_2004,2004,2x6,2017,13846,1
example_2005,2005,4x3+1,2018,6906,3
example_2007,2007,1x12,2020,7783,5
example_2008,2008,1x12,2021,909,8
example_2009,2009,1x12,2022,9294,4
example_2010,2010,4x3+1,2023,14410,8
example_2011,2011,2x6,2024,2334,4
example_2012,2012,2x6,2025,4383,1
example_2013,2013,1x12,2026,17118,6
example_2014,2014,2x6,2027,3298,2
example_2015,2015,2x6,2028,2164,4
example_2016,2016,4x3+1,2029,2066,1
example_2017,2017,1x12,2030,378,5
example_2018,2018,2x6,2031,3972,1
example_2019,2019,4x3+1,2032,6637,2
example_2020,2020,1x12,2033,5507,9
example_2021,2021,2x6,2034,7497,5
example_2022,2022,1x12,2035,6743,8
example_2023,2023,4x3+1,2036,3309,8
example_2024,2024,1x12,2037,3782,6
example_2025,2025,1x12,2038,5197,2
example_2027,2027,1x12,2040,16065,3
example_2028,2028,4x3+1,2041,310,1
example_2029,2029,1x12,2042,3072,1
example_2030,2030,1x12,2043,21035,7
example_2031,2031,2x6,2044,2237,8
example_2033,2033,1x12,2046,595,3
example_2034,2034,1x12,2047,6859,8
example_2035,2035,4x3+1,2048,7339,1
example_2036,2036,2x6,2049,5880,6
example_2038,2038,1x12,2051,389,9
example_2039,2039,2x6,2052,7347,3
example_2040,2040,1x12,2053,5321,4
example_2041,2041,4x3+1,2054,459,9
example_2043,2043,1x12,2056,6309,9
example_2044,2044,1x12,2057,5472,3
example_2045,2045,4x3+1,2058,3212,7
example_2046,2046,1x12,2059,595,3
example_2047,2047,2x6,2060,2163,2
example_2048,2048,4x3+1,2061,2289,7
example_2049,2049,4x3+1,2062,6339,9
example_2050,2050,4x3+1,2063,5885,2
example_2052,2052,2x6,2065,2930,4
example_2053,2053,1x12,2066,3870,5
example_2054,2054,1x12,2067,11843,1
example_2055,2055,1x12,2068,3793,6
example_2056,2056,2x6,2069,3311,2
example_2057,2057,2x6,2070,3402,7
example_2058,2058,2x6,2071,6300,1
example_2059,2059,4x3+1,2072,944,2
example_2060,2060,1x12,2073,471,2
example_2061,2061,4x3+1,2074,21115,1
example_2062,2062,2x6,2075,4280,2
example_2063,2063,1x12,2076,4516,9
example_2064,2064,2x6,2077,8981,1
example_2065,2065,1x12,2078,4507,9
example_2066,2066,4x3+1,2079,19936,4
example_2067,2067,2x6,2080,5255,2
example_2068,2068,4x3+1,2081,4827,5
example_2069,2069,2x6,2082,3511,8
example_2071,2071,2x6,2084,1669,2
example_2072,2072,4x3+1,2085,3549,7
example_2073,2073,4x3+1,2086,7677,7
example_2074,2074,2x6,2087,3197,2
example_2075,2075,1x12,2088,4064,2
example_2076,2076,4x3+1,2089,1651,9
example_2077,2077,1x12,2090,6282,7
example_2078,2078,2x6,2091,1468,3
example_2079,2079,1x12,2092,378,5
example_2080,2080,4x3+1,2093,1229,1
example_2081,2081,2x6,2094,13710,3
example_2082,2082,4x3+1,2095,15530,4
example_2083,2083,2x6,2096,411,7
example_2084,2084,1x12,2097,921,2
example_2085,2085,4x3+1,2098,1915,4
example_2086,2086,1x12,2099,13882,9
example_2087,2087,1x12,2100,6071,8
example_2089,2089,2x6,2102,771,7
example_2092,2092,4x3+1,2105,19033,2
example_2093,2093,1x12,2106,947,1
example_2094,2094,2x6,2107,2719,9
example_2095,2095,1x12,2108,6106,4
example_2096,2096,1x12,2109,4282,3
example_2098,2098,2x6,2111,4920,9
example_2099,2099,1x12,2112,6119,8
example_2100,2100,1x12,2113,527,6
example_2101,2101,4x3+1,2114,7394,9
example_2102,2102,1x12,2115,20329,9
example_2103,2103,1x12,2116,527,6
example_2104,2104,1x12,2117,3799,1
example_2105,2105,1x12,2118,6026,3
example_2107,2107,2x6,2120,7111,2
example_2108,2108,4x3+1,2121,6887,8
example_2109,2109,2x6,2122,3263,1
example_2110,2110,1x12,2123,4949,9
example_2111,2111,1x12,2124,2253,4
example_2112,2112,2x6,2125,5190,5
example_2113,2113,2x6,2126,14478,9
example_2114,2114,1x12,2127,14775,1
example_2115,2115,1x12,2128,15681,2
example_2116,2116,1x12,2129,6721,8
example_2117,2117,4x3+1,2130,7893,5
example_2118,2118,1x12,2131,5241,1
example_2119,2119,1x12,2132,16207,3
example_2120,2120,1x12,2133,4323,2
example_2121,2121,4x3+1,2134,1333,9
example_2122,2122,1x12,2135,8046,9
example_2123,2123,4x3+1,2136,1914,4
example_2124,2124,1x12,2137,21347,6
example_2125,2125,2x6,2138,21284,2
example_2126,2126,4x3+1,2139,20870,9
example_2127,2127,4x3+1,2140,1929,4
example_2128,2128,4x3+1,2141,5317,2
example_2129,2129,4x3+1,2142,16143,9
example_2130,2130,2x6,2143,1836,8
example_2132,2132,4x3+1,2145,5974,1
example_2134,2134,1x12,2147,3260,6
example_2135,2135,2x6,2148,4926,4
example_2136,2136,4x3+1,2149,7231,9
example_2137,2137,4x3+1,2150,1146,3
example_2139,2139,1x12,2152,12522,3
example_2141,2141,4x3+1,2154,9683,1
example_2142,2142,2x6,2155,9254,4
example_2143,2143,1x12,2156,11799,6
example_2144,2144,1x12,2157,15121,8
example_2146,2146,4x3+1,2159,8927,6
example_2148,2148,1x12,2161,20411,9
example_2149,2149,4x3+1,2162,9498,7
example_2150,2150,4x3+1,2163,11831,4
example_2151,2151,2x6,2164,11482,1
example_2152,2152,4x3+1,2165,17255,1
example_2153,2153,4x3+1,2166,12414,6
example_2154,2154,4x3+1,2167,14971,7
example_2155,2155,1x12,2168,20317,5
example_2156,2156,1x12,2169,6021,9
example_2158,2158,4x3+1,2171,14723,4
example_2159,2159,1x12,2172,12275,5
example_2160,2160,4x3+1,2173,12104,6
example_2161,2161,1x12,2174,7214,6
example_2162,2162,4x3+1,2175,4697,4
example_2163,2163,2x6,2176,948,5
example_2164,2164,2x6,2177,12237,3
example_2165,2165,4x3+1,2178,6480,7
example_2166,2166,2x6,2179,4639,4
example_2168,2168,1x12,2181,2652,9
example_2169,2169,1x12,2182,6666,3
example_2170,2170,1x12,2183,2514,2
example_2171,2171,1x12,2184,2120,6
example_2172,2172,2x6,2185,782,7
example_2173,2173,2x6,2186,5707,6
example_2174,2174,2x6,2187,19061,3
example_2175,2175,1x12,2188,4090,7
example_2176,2176,2x6,2189,2578,3
example_2177,2177,4x3+1,2190,7925,7
example_2178,2178,2x6,2191,1760,5
example_2181,2181,1x12,2194,803,2
example_2182,2182,2x6,2195,5244,5
example_2183,2183,4x3+1,2196,6148,2
example_2184,2184,2x6,2197,1646,7
example_2185,2185,1x12,2198,416,5
example_2186,2186,4x3+1,2199,17683,7
example_2187,2187,1x12,2200,4549,4
example_2188,2188,4x3+1,2201,11731,3
example_2189,2189,1x12,2202,4799,6
example_2191,2191,2x6,2204,7838,4
example_2192,2192,1x12,2205,4376,9
example_2193,2193,2x6,2206,5344,3
example_2194,2194,4x3+1,2207,1819,2
example_2195,2195,4x3+1,2208,3979,4
example_2196,2196,2x6,2209,4185,1
example_2198,2198,2x6,2211,416,5
example_2199,2199,4x3+1,2212,7795,7
example_2201,2201,4x3+1,2214,3421,4
example_2202,2202,1x12,2215,1061,8
example_2203,2203,1x12,2216,1809,9
example_2204,2204,2x6,2217,2616,3
example_2205,2205,4x3+1,2218,4012,6
example_2206,2206,4x3+1,2219,6162,2
example_2207,2207,2x6,2220,558,4
example_2209,2209,2x6,2222,7501,6
example_2210,2210,2x6,2223,7480,1
example_2212,2212,1x12,2225,6757,3
example_2214,2214,4x3+1,2227,608,3
example_2215,2215,2x6,2228,695,8
example_2216,2216,4x3+1,2229,3524,7
example_2217,2217,4x3+1,2230,5057,5
example_2218,2218,1x12,2231,1749,7
example_2219,2219,1x12,2232,7905,5
example_2220,2220,4x3+1,2233,5310,9
example_2221,2221,2x6,2234,5168,4
example_2223,2223,1x12,2236,862,8
example_2224,2224,4x3+1,2237,2202,9
example_2226,2226,2x6,2239,5199,6
example_2227,2227,1x12,2240,558,4
example_2228,2228,2x6,2241,7437,2
example_2229,2229,4x3+1,2242,13091,8
example_2230,2230,2x6,2243,608,3
example_2231,2231,2x6,2244,957,7
example_2232,2232,1x12,2245,2154,5
example_2233,2233,4x3+1,2246,4803,6
example_2234,2234,4x3+1,2247,7914,2
example_2235,2235,4x3+1,2248,7184,3
example_2236,2236,2x6,2249,8401,1
example_2237,2237,2x6,2250,8454,8
example_2238,2238,4x3+1,2251,16654,5
example_2240,2240,1x12,2253,420,8
example_2241,2241,2x6,2254,7286,1
example_2242,2242,4x3+1,2255,3932,3
example_2243,2243,2x6,2256,821,5
example_2244,2244,1x12,2257,5000,5
example_2245,2245,2x6,2258,5159,4
example_2246,2246,1x12,2259,5987,8
example_2247,2247,4x3+1,2260,7039,5
example_2248,2248,4x3+1,2261,3857,9
example_2249,2249,1x12,2262,800,4
example_2250,2250,2x6,2263,2941,7
example_2251,2251,2x6,2264,20956,9
example_2252,2252,2x6,2265,19960,7
example_2253,2253,2x6,2266,4208,5
example_2255,2255,4x3+1,2268,7923,9
example_2256,2256,1x12,2269,19586,3
example_2258,2258,1x12,2271,6539,6
example_2259,2259,1x12,2272,1687,8
example_2260,2260,2x6,2273,16350,9
example_2261,2261,1x12,2274,1977,7
example_2262,2262,4x3+1,2275,7264,8
example_2263,2263,1x12,2276,7835,4
example_2265,2265,4x3+1,2278,5260,4
example_2267,2267,4x3+1,2280,9338,1
example_2270,2270,4x3+1,2283,3200,9
example_2271,2271,1x12,2284,2579,1
example_2273,2273,1x12,2286,2364,1
example_2274,2274,2x6,2287,16683,6
example_2275,2275,4x3+1,2288,714,8
example_2276,2276,2x6,2289,7084,3
example_2277,2277,2x6,2290,7699,6
example_2278,2278,2x6,2291,2504,3
example_2279,2279,4x3+1,2292,19916,6
example_2281,2281,4x3+1,2294,4984,2
example_2282,2282,1x12,2295,20179,8
example_2283,2283,1x12,2296,7302,5
example_2284,2284,2x6,2297,4963,9
example_2285,2285,1x12,2298,6620,7
example_2286,2286,4x3+1,2299,21350,1
example_2287,2287,4x3+1,2300,5384,7
example_2288,2288,2x6,2301,2793,9
example_2290,2290,4x3+1,2303,7878,4
example_2291,2291,2x6,2304,4553,5
example_2292,2292,4x3+1,2305,3371,6
example_2293,2293,2x6,2306,14343,4
example_2294,2294,2x6,2307,7075,1
example_2295,2295,2x6,2308,10649,9
example_2296,2296,2x6,2309,1134,9
example_2297,2297,2x6,2310,1712,7
example_2298,2298,1x12,2311,4897,9
example_2299,2299,2x6,2312,7397,7
example_2300,2300,4x3+1,2313,3062,5
example_2301,2301,4x3+1,2314,5390,6
example_2302,2302,4x3+1,2315,2720,5
example_2303,2303,1x12,2316,2452,7
example_2305,2305,4x3+1,2318,7351,9
example_2306,2306,4x3+1,2319,2577,9
example_2307,2307,1x12,2320,3965,5
example_2308,2308,2x6,2321,5933,4
example_2310,2310,1x12,2323,4078,8
example_2312,2312,4x3+1,2325,16205,5
example_2313,2313,4x3+1,2326,12073,6
example_2314,2314,4x3+1,2327,15559,4
example_2315,2315,1x12,2328,18440,5
example_2316,2316,1x12,2329,16352,2
example_2317,2317,2x6,2330,8538,4
example_2318,2318,2x6,2331,17866,5
example_2319,2319,2x6,2332,20562,9
example_2320,2320,1x12,2333,16260,5
example_2321,2321,4x3+1,2334,11632,8
example_2322,2322,4x3+1,2335,11190,9
example_2323,2323,1x12,2336,13941,9
example_2324,2324,1x12,2337,15459,4
example_2325,2325,1x12,2338,19922,3
example_2326,2326,1x12,2339,13076,8
example_2327,2327,1x12,2340,9141,9
example_2329,2329,4x3+1,2342,20805,6
example_2330,2330,1x12,2343,20574,6
example_2331,2331,2x6,2344,19761,3
example_2333,2333,1x12,2346,9236,2
example_2334,2334,1x12,2347,11294,7
example_2335,2335,4x3+1,2348,13921,5
example_2336,2336,2x6,2349,10568,5
example_2337,2337,1x12,2350,15531,7
example_2338,2338,2x6,2351,21390,3
example_2339,2339,4x3+1,2352,16328,6
example_2340,2340,4x3+1,2353,20307,1
example_2341,2341,4x3+1,2354,20166,2
example_2343,2343,2x6,2356,10385,6
example_2344,2344,4x3+1,2357,18869,9
example_2345,2345,2x6,2358,13226,6
example_2346,2346,1x12,2359,13668,9
example_2347,2347,4x3+1,2360,13226,6
example_2348,2348,2x6,2361,13039,9
example_2349,2349,2x6,2362,10290,4
example_2350,2350,1x12,2363,18735,4
example_2351,2351,1x12,2364,10096,8
example_2352,2352,4x3+1,2365,17061,2
example_2353,2353,1x12,2366,17017,1
example_2354,2354,4x3+1,2367,15967,3
example_2358,2358,1x12,2371,10781,1
example_2359,2359,4x3+1,2372,13935,5
example_2360,2360,2x6,2373,12857,7
example_2361,2361,4x3+1,2374,9671,3
example_2363,2363,4x3+1,2376,11437,9
example_2364,2364,2x6,2377,20400,9
example_2365,2365,1x12,2378,13549,1
example_2367,2367,2x6,2380,9530,9
example_2369,2369,4x3+1,2382,12589,6
example_2370,2370,4x3+1,2383,10929,8
example_2371,2371,2x6,2384,11299,1
example_2372,2372,1x12,2385,18961,2
example_2375,2375,2x6,2388,21744,4
example_2376,2376,2x6,2389,19437,9
example_2378,2378,2x6,2391,13524,7
example_2379,2379,2x6,2392,18615,1
example_2380,2380,4x3+1,2393,16763,8
example_2381,2381,4x3+1,2394,15025,9
example_2382,2382,4x3+1,2395,17170,9
example_2383,2383,2x6,2396,12280,8
example_2384,2384,2x6,2397,9357,9
example_2385,2385,2x6,2398,17908,8
example_2386,2386,2x6,2399,14342,2
example_2387,2387,1x12,2400,8000,3
example_2388,2388,1x12,2401,9960,7
example_2389,2389,4x3+1,2402,16555,9
example_2391,2391,4x3+1,2404,17377,6
example_2392,2392,4x3+1,2405,17765,5
example_2393,2393,4x3+1,2406,19900,9
example_2394,2394,2x6,2407,8539,3
example_2395,2395,4x3+1,2408,10899,4
example_2397,2397,1x12,2410,17447,2
example_2398,2398,1x12,2411,15508,4
example_2399,2399,2x6,2412,10150,9
example_2400,2400,2x6,2413,12283,2
example_2401,2401,1x12,2414,18683,9
example_2402,2402,4x3+1,2415,19637,6
example_2405,2405,1x12,2418,16954,9
example_2407,2407,2x6,2420,16020,3
example_2408,2408,4x3+1,2421,17173,9
example_2410,2410,1x12,2423,12703,7
example_2411,2411,2x6,2424,20198,8
example_2412,2412,1x12,2425,12824,2
example_2413,2413,2x6,2426,21181,7
example_2415,2415,2x6,2428,12824,2
example_2416,2416,1x12,2429,8456,9
example_2417,2417,4x3+1,2430,21181,7
example_2418,2418,2x6,2431,16451,1
example_2421,2421,4x3+1,2434,8410,7
example_2422,2422,4x3+1,2435,16796,6
example_2423,2423,1x12,2436,10032,9
example_2424,2424,2x6,2437,21766,6
example_2425,2425,2x6,2438,16090,4
example_2426,2426,2x6,2439,21480,5
example_2427,2427,2x6,2440,21415,1
example_2428,2428,1x12,2441,11415,3
example_2429,2429,2x6,2442,12661,7
example_2430,2430,4x3+1,2443,21046,9
example_2431,2431,4x3+1,2444,21362,2
example_2432,2432,2x6,2445,21677,7
example_2433,2433,1x12,2446,12655,8
example_2434,2434,2x6,2447,12655,8
example_2435,2435,4x3+1,2448,12655,8
example_2437,2437,1x12,2450,7570,7
example_2438,2438,2x6,2451,1165,4
example_2439,2439,1x12,2452,16035,3
example_2440,2440,1x12,2453,725,5
example_2441,2441,2x6,2454,6588,5
example_2443,2443,4x3+1,2456,6147,7
example_2444,2444,1x12,2457,407,4
example_2445,2445,4x3+1,2458,5691,9
example_2446,2446,1x12,2459,4609,5
example_2447,2447,4x3+1,2460,4235,2
example_2448,2448,4x3+1,2461,2139,1
example_2449,2449,4x3+1,2462,19794,8
example_2450,2450,4x3+1,2463,4593,7
example_2451,2451,4x3+1,2464,13927,2
example_2452,2452,2x6,2465,1298,9
example_2453,2453,2x6,2466,2916,8
example_2454,2454,4x3+1,2467,7513,9
example_2455,2455,4x3+1,2468,3164,5
example_2456,2456,2x6,2469,7808,4
example_2457,2457,2x6,2470,1556,1
example_2458,2458,4x3+1,2471,6807,3
example_2459,2459,2x6,2472,7130,4
example_2461,2461,1x12,2474,16810,5
example_2462,2462,2x6,2475,10707,6
example_2464,2464,1x12,2477,2865,8
example_2465,2465,4x3+1,2478,1461,1
example_2466,2466,4x3+1,2479,16027,2
example_2467,2467,1x12,2480,17816,2
example_2468,2468,2x6,2481,18254,4
example_2469,2469,4x3+1,2482,10324,2
example_2470,2470,1x12,2483,6465,6
example_2471,2471,2x6,2484,8606,2
example_2472,2472,2x6,2485,407,4
example_2473,2473,1x12,2486,2848,7
example_2474,2474,2x6,2487,7636,7
example_2475,2475,4x3+1,2488,12534,6
example_2476,2476,2x6,2489,3592,8
example_2477,2477,4x3+1,2490,2618,3
example_2478,2478,4x3+1,2491,945,2
example_2480,2480,4x3+1,2493,3533,4
example_2481,2481,2x6,2494,15380,9
example_2482,2482,1x12,2495,21298,8
example_2483,2483,4x3+1,2496,12943,8
example_2484,2484,2x6,2497,10067,8
example_2485,2485,2x6,2498,21019,6
example_2486,2486,4x3+1,2499,20872,1
example_2487,2487,4x3+1,2500,20919,9
example_2488,2488,4x3+1,2501,13611,7
example_2489,2489,2x6,2502,16958,6
example_2490,2490,2x6,2503,13756,5
example_2491,2491,2x6,2504,16238,4
example_2492,2492,1x12,2505,20101,9
example_2494,2494,2x6,2508,17700,1
example_2495,2495,2x6,2509,16689,4
example_2496,2496,2x6,2510,302,2
example_2497,2497,1x12,2512,16648,4
example_2498,2498,1x12,2513,302,2
example_2499,2499,2x6,2514,17315,3
example_2500,2500,1x12,2515,6749,7
example_2501,2501,1x12,2516,17274,4
example_2502,2502,1x12,2517,3497,4
example_2503,2503,4x3+1,2518,8160,8
example_2504,2504,4x3+1,2519,6957,3
example_2505,2505,2x6,2520,15039,6
example_2506,2506,1x12,2521,908,7
example_2507,2507,2x6,2522,980,6
example_2508,2508,2x6,2523,2643,6
example_2509,2509,2x6,2524,13269,8
example_2510,2510,1x12,2525,5365,6
example_2511,2511,4x3+1,2526,5573,8
example_2512,2512,1x12,2527,2767,5
example_2513,2513,1x12,2528,2227,2
example_2514,2514,2x6,2529,3001,8
example_2515,2515,4x3+1,2530,4326,8
example_2516,2516,1x12,2531,1770,4
example_2517,2517,4x3+1,2532,2554,3
example_2518,2518,4x3+1,2533,6653,5
example_2519,2519,2x6,2534,1955,9
example_2520,2520,1x12,2535,2476,1
example_2521,2521,1x12,2536,942,4
example_2522,2522,4x3+1,2537,4667,1
example_2523,2523,1x12,2538,6974,7
example_2524,2524,4x3+1,2539,6373,3
example_2525,2525,4x3+1,2540,2063,3
example_2526,2526,1x12,2541,2206,6
example_2527,2527,1x12,2542,5913,7
example_2528,2528,4x3+1,2543,13440,9
example_2529,2529,4x3+1,2544,1126,6
example_2530,2530,4x3+1,2545,16676,2
example_2531,2531,2x6,2546,1482,3
example_2532,2532,4x3+1,2547,15701,7
example_2533,2533,1x12,2548,21625,4
example_2537,2537,2x6,2552,6704,4
example_2538,2538,1x12,2553,20220,6
example_2539,2539,1x12,2554,14278,5
example_2540,2540,1x12,2555,1263,5
example_2542,2542,1x12,2557,9092,6
example_2543,2543,4x3+1,2558,8291,2
example_2544,2544,4x3+1,2559,15429,5
example_2547,2547,2x6,2562,20807,5
example_2548,2548,2x6,2563,16699,4
example_2549,2549,2x6,2564,16701,1
example_2551,2551,2x6,2566,11477,7
example_2552,2552,1x12,2567,13319,2
example_2553,2553,4x3+1,2568,19495,6
example_2555,2555,2x6,2570,16706,4
example_2556,2556,4x3+1,2571,12335,1
example_2557,2557,4x3+1,2572,8012,9
example_2558,2558,2x6,2573,13448,1
example_2559,2559,4x3+1,2574,8053,9
example_2560,2560,2x6,2575,12089,1
example_2561,2561,4x3+1,2576,16708,3
example_2562,2562,2x6,2577,8053,9
example_2563,2563,1x12,2578,13258,1
example_2565,2565,4x3+1,2580,9720,5
example_2566,2566,1x12,2581,15501,6
example_2567,2567,4x3+1,2582,16711,2
example_2568,2568,1x12,2583,13774,1
example_2569,2569,1x12,2584,18206,4
example_2570,2570,1x12,2585,8256,3
example_2571,2571,1x12,2586,17011,2
example_2573,2573,2x6,2588,10824,2
example_2574,2574,1x12,2589,21380,5
example_2575,2575,4x3+1,2590,13479,2
example_2576,2576,1x12,2591,17271,9
example_2578,2578,2x6,2593,17203,4
example_2579,2579,2x6,2594,14201,1
example_2580,2580,4x3+1,2595,17177,1
example_2582,2582,4x3+1,2597,9725,6
example_2584,2584,1x12,2599,19346,8
example_2585,2585,4x3+1,2600,13345,5
example_2586,2586,1x12,2601,8157,4
example_2588,2588,2x6,2603,19435,8
example_2589,2589,1x12,2604,11109,3
example_2592,2592,2x6,2607,12956,3
example_2593,2593,2x6,2608,18288,9
example_2594,2594,1x12,2609,10401,5
example_2595,2595,2x6,2610,15838,1
example_2596,2596,2x6,2611,11765,7
example_2597,2597,2x6,2612,13624,1
example_2598,2598,1x12,2613,21108,9
example_2599,2599,1x12,2614,16982,9
example_2600,2600,2x6,2615,3876,6
example_2601,2601,1x12,2616,4156,7
example_2602,2602,1x12,2617,1869,5
example_2603,2603,4x3+1,2618,1055,9
example_2604,2604,4x3+1,2619,11772,3
example_2605,2605,4x3+1,2620,8262,1
example_2606,2606,4x3+1,2621,5841,7
example_2607,2607,1x12,2622,16749,3
example_2608,2608,2x6,2623,7433,9
example_2609,2609,1x12,2624,2143,9
example_2610,2610,1x12,2625,1220,2
example_2613,2613,1x12,2628,11611,6
example_2614,2614,1x12,2629,17864,9
example_2615,2615,1x12,2630,15753,9
example_2616,2616,1x12,2631,11919,3
example_2617,2617,1x12,2632,10738,2
example_2618,2618,2x6,2633,19401,5
example_2619,2619,1x12,2634,9284,7
example_2620,2620,4x3+1,2635,18171,1
example_2621,2621,1x12,2636,16875,4
example_2622,2622,1x12,2637,20095,8
example_2624,2624,1x12,2639,13160,4
example_2625,2625,4x3+1,2640,20674,6
example_2626,2626,1x12,2641,11076,7
example_2627,2627,1x12,2642,14425,7
example_2628,2628,1x12,2643,20275,8
example_2629,2629,1x12,2644,20352,7
example_2630,2630,4x3+1,2645,21688,6
example_2631,2631,4x3+1,2646,18089,7
example_2632,2632,2x6,2647,20573,5
example_2633,2633,4x3+1,2648,10895,9
example_2635,2635,2x6,2650,2691,5
example_2636,2636,2x6,2651,5139,6
example_2637,2637,2x6,2652,9573,6
example_2638,2638,1x12,2653,6294,8
example_2639,2639,1x12,2654,585,9
example_2640,2640,4x3+1,2655,1677,5
example_2641,2641,4x3+1,2656,811,9
example_2642,2642,1x12,2657,1682,5
example_2643,2643,4x3+1,2658,4864,7
example_2644,2644,2x6,2659,3415,7
example_2645,2645,1x12,2660,2175,2
example_2646,2646,4x3+1,2661,7205,2
example_2647,2647,4x3+1,2662,2121,3
example_2648,2648,4x3+1,2663,18669,6
example_2649,2649,1x12,2664,5503,9
example_2650,2650,2x6,2665,21274,7
example_2651,2651,4x3+1,2666,4529,8
example_2652,2652,2x6,2667,4482,6
example_2653,2653,2x6,2668,3019,8
example_2654,2654,4x3+1,2669,585,9
example_2655,2655,1x12,2670,3686,9
example_2656,2656,4x3+1,2671,3163,2
example_2657,2657,2x6,2672,7476,7
example_2658,2658,2x6,2673,4581,7
example_2659,2659,2x6,2674,5871,2
example_2660,2660,2x6,2675,4483,6
example_2661,2661,2x6,2676,7138,8
example_2662,2662,1x12,2677,7767,6
example_2663,2663,2x6,2678,3231,2
example_2664,2664,2x6,2679,1998,1
example_2665,2665,4x3+1,2680,12737,7
example_2666,2666,1x12,2681,420,8
example_2667,2667,4x3+1,2682,18006,9
example_2668,2668,4x3+1,2683,4034,6
example_2669,2669,1x12,2684,369,2
example_2670,2670,2x6,2685,4817,4
example_2671,2671,4x3+1,2686,4138,2
example_2672,2672,2x6,2687,6746,3
example_2673,2673,1x12,2688,3822,8
example_2674,2674,1x12,2689,5024,3
example_2675,2675,1x12,2690,4077,7
example_2676,2676,4x3+1,2691,4308,6
example_2677,2677,1x12,2692,585,9
example_2680,2680,4x3+1,2695,20546,2
example_2681,2681,1x12,2696,338,2
example_2682,2682,2x6,2697,5609,9
example_2683,2683,2x6,2698,11619,9
example_2684,2684,1x12,2699,15791,4
example_2685,2685,1x12,2700,3907,7
example_2686,2686,4x3+1,2701,12261,3
example_2687,2687,4x3+1,2702,6696,2
example_2688,2688,4x3+1,2703,4852,6
example_2689,2689,2x6,2704,1896,1
example_2690,2690,2x6,2705,581,6
example_2691,2691,1x12,2706,5702,6
example_2692,2692,2x6,2707,20920,9
example_2693,2693,1x12,2708,6002,3
example_2694,2694,1x12,2709,16341,1
example_2695,2695,1x12,2710,2917,3
example_2696,2696,2x6,2711,812,3
example_2697,2697,2x6,2712,5014,5
example_2698,2698,4x3+1,2713,16671,1
example_2699,2699,2x6,2714,8556,4
example_2700,2700,1x12,2715,14424,2
example_2701,2701,1x12,2716,12245,7
example_2702,2702,1x12,2717,7640,1
example_2703,2703,2x6,2718,21167,8
example_2704,2704,2x6,2719,1453,2
example_2705,2705,1x12,2720,3322,3
example_2706,2706,1x12,2721,12807,9
example_2708,2708,2x6,2723,19278,2
example_2709,2709,4x3+1,2724,2100,1
example_2710,2710,2x6,2725,16041,5
example_2711,2711,4x3+1,2726,5643,7
example_2712,2712,2x6,2727,4424,9
example_2713,2713,2x6,2728,1043,6
example_2714,2714,4x3+1,2729,7936,7
example_2715,2715,2x6,2730,955,9
example_2716,2716,2x6,2731,7884,8
example_2717,2717,2x6,2732,3196,2
example_2718,2718,2x6,2733,3877,4
example_2720,2720,4x3+1,2735,6555,5
example_2722,2722,2x6,2737,6920,7
example_2723,2723,1x12,2738,1409,6
example_2724,2724,2x6,2739,21167,8
example_2725,2725,2x6,2740,2999,2
example_2726,2726,4x3+1,2741,3386,6
example_2727,2727,4x3+1,2742,1300,4
example_2728,2728,4x3+1,2743,3528,4
example_2729,2729,1x12,2744,5227,2
example_2730,2730,4x3+1,2745,2158,9
example_2731,2731,4x3+1,2746,3370,9
example_2732,2732,1x12,2747,4846,5
example_2733,2733,4x3+1,2748,2651,9
example_2734,2734,4x3+1,2749,10353,8
example_2735,2735,1x12,2750,15725,9
example_2736,2736,4x3+1,2751,6852,1
example_2737,2737,1x12,2752,2808,3
example_2738,2738,1x12,2753,5574,2
example_2739,2739,4x3+1,2754,6266,4
example_2740,2740,4x3+1,2755,20189,7
example_2741,2741,4x3+1,2756,7775,1
example_2742,2742,1x12,2757,2317,7
example_2743,2743,2x6,2758,6997,1
example_2744,2744,4x3+1,2759,15339,8
example_2745,2745,2x6,2760,462,2
example_2746,2746,4x3+1,2761,3947,1
example_2747,2747,2x6,2762,1536,8
example_2748,2748,1x12,2763,7185,1
example_2750,2750,4x3+1,2765,4965,6
example_2751,2751,2x6,2766,4245,5
example_2753,2753,2x6,2768,4067,9
example_2754,2754,4x3+1,2769,581,6
example_2755,2755,2x6,2770,866,1
example_2756,2756,2x6,2771,4981,2
example_2757,2757,1x12,2772,5331,4
example_2758,2758,1x12,2773,2762,6
example_2759,2759,1x12,2774,3704,5
example_2760,2760,1x12,2775,6405,3
example_2762,2762,2x6,2777,2433,3
example_2763,2763,4x3+1,2778,6505,2
example_2765,2765,1x12,2780,5009,8
example_2766,2766,4x3+1,2781,4580,6
example_2767,2767,2x6,2782,19624,7
example_2768,2768,1x12,2783,15168,5
example_2769,2769,2x6,2784,462,2
example_2772,2772,1x12,2787,2130,5
example_2773,2773,1x12,2788,2009,2
example_2775,2775,4x3+1,2790,5797,5
example_2777,2777,2x6,2792,5934,9
example_2778,2778,1x12,2793,3178,4
example_2779,2779,2x6,2794,4060,9
example_2780,2780,2x6,2795,20537,8
example_2781,2781,4x3+1,2796,4997,6
example_2782,2782,4x3+1,2797,5696,4
example_2783,2783,2x6,2798,1383,9
example_2784,2784,1x12,2799,6861,3
example_2785,2785,2x6,2800,5590,6
example_2786,2786,4x3+1,2801,9053,9
example_2788,2788,1x12,2803,3468,2
example_2789,2789,1x12,2804,5787,1
example_2790,2790,2x6,2805,3816,1
example_2791,2791,4x3+1,2806,3467,3
example_2792,2792,1x12,2807,4783,4
example_2793,2793,2x6,2808,3856,3
example_2794,2794,2x6,2809,6153,5
example_2795,2795,2x6,2810,5736,9
example_2796,2796,2x6,2811,1554,6
example_2797,2797,2x6,2812,16630,3
example_2799,2799,4x3+1,2814,14139,7
example_2800,2800,1x12,2815,3919,7
example_2801,2801,2x6,2816,6596,8
example_2802,2802,4x3+1,2817,7494,6
example_2803,2803,4x3+1,2818,12814,1
example_2805,2805,2x6,2820,4853,6
example_2806,2806,2x6,2821,11572,3
example_2807,2807,2x6,2822,7690,3
example_2808,2808,2x6,2823,20537,8
example_2809,2809,4x3+1,2824,2195,4
example_2810,2810,4x3+1,2825,7860,9
example_2811,2811,4x3+1,2826,6654,5
example_2812,2812,4x3+1,2827,5238,3
example_2813,2813,4x3+1,2828,4849,7
example_2814,2814,1x12,2829,4901,3
example_2816,2816,1x12,2831,13676,5
example_2817,2817,4x3+1,2832,3601,8
example_2818,2818,4x3+1,2833,20537,8
example_2819,2819,2x6,2834,4184,1
example_2820,2820,2x6,2835,2292,5
example_2821,2821,2x6,2836,3983,3
example_2822,2822,1x12,2837,843,7
example_2823,2823,1x12,2838,7321,9
example_2825,2825,1x12,2840,829,3
example_2826,2826,2x6,2841,5273,9
example_2827,2827,4x3+1,2842,2401,5
example_2828,2828,2x6,2843,2779,8
example_2829,2829,1x12,2844,5543,1
example_2830,2830,2x6,2845,693,7
example_2831,2831,1x12,2846,6829,2
example_2832,2832,4x3+1,2847,15204,4
example_2834,2834,4x3+1,2849,7390,9
example_2835,2835,1x12,2850,1069,7
example_2836,2836,2x6,2851,14209,9
example_2837,2837,1x12,2852,1209,9
example_2838,2838,2x6,2853,5182,3
example_2840,2840,4x3+1,2855,12665,4
example_2841,2841,4x3+1,2856,7701,1
example_2842,2842,4x3+1,2857,7794,5
example_2843,2843,2x6,2858,2970,1
example_2844,2844,2x6,2859,6895,2
example_2845,2845,4x3+1,2860,8556,4
example_2846,2846,1x12,2861,17560,1
example_2847,2847,1x12,2862,19435,8
example_2848,2848,2x6,2863,1028,6
example_2849,2849,4x3+1,2864,17731,3
example_2851,2851,4x3+1,2866,15336,7
example_2853,2853,1x12,2868,20537,8
example_2854,2854,1x12,2869,20537,8
example_2855,2855,1x12,2870,18156,1
example_2857,2857,2x6,2872,11254,4
example_2858,2858,4x3+1,2873,9869,4
example_2859,2859,4x3+1,2874,17337,2
example_2860,2860,1x12,2875,15931,3
example_2861,2861,4x3+1,2876,13074,5
example_2862,2862,2x6,2877,8508,6
example_2863,2863,1x12,2878,9354,2
example_2864,2864,2x6,2879,10765,6
example_2865,2865,1x12,2880,15696,7
example_2866,2866,1x12,2881,21274,7
example_2867,2867,4x3+1,2882,19596,9
